<Anims>
 <anim name="anim" root="heisenberghat" numframes="1000" framerate="40">
  <frame idx="0" w="240" h="119" x="94.801003" y="59.900002">
   <element name="swap_hat" layername="heisenberghat" frame="3" z_index="1" m_a="0.811707" m_b="0.000000" m_c="0.000000" m_d="0.811691" m_tx="-3.199000" m_ty="11.400000"/>
  </frame>
  <frame idx="25" w="240" h="119" x="94.801003" y="59.900002">
   <element name="swap_hat" layername="heisenberghat" frame="3" z_index="1" m_a="0.811707" m_b="0.000000" m_c="0.000000" m_d="0.811691" m_tx="-3.199000" m_ty="11.400000"/>
  </frame>
  <frame idx="50" w="240" h="119" x="94.801003" y="59.900002">
   <element name="swap_hat" layername="heisenberghat" frame="3" z_index="1" m_a="0.811707" m_b="0.000000" m_c="0.000000" m_d="0.811691" m_tx="-3.199000" m_ty="11.400000"/>
  </frame>
  <frame idx="75" w="240" h="119" x="94.801003" y="59.900002">
   <element name="swap_hat" layername="heisenberghat" frame="3" z_index="1" m_a="0.811707" m_b="0.000000" m_c="0.000000" m_d="0.811691" m_tx="-3.199000" m_ty="11.400000"/>
  </frame>
  <frame idx="100" w="240" h="119" x="94.801003" y="59.900002">
   <element name="swap_hat" layername="heisenberghat" frame="3" z_index="1" m_a="0.811707" m_b="0.000000" m_c="0.000000" m_d="0.811691" m_tx="-3.199000" m_ty="11.400000"/>
  </frame>
  <frame idx="125" w="240" h="119" x="94.801003" y="59.900002">
   <element name="swap_hat" layername="heisenberghat" frame="3" z_index="1" m_a="0.811707" m_b="0.000000" m_c="0.000000" m_d="0.811691" m_tx="-3.199000" m_ty="11.400000"/>
  </frame>
  <frame idx="150" w="240" h="119" x="94.801003" y="59.900002">
   <element name="swap_hat" layername="heisenberghat" frame="3" z_index="1" m_a="0.811707" m_b="0.000000" m_c="0.000000" m_d="0.811691" m_tx="-3.199000" m_ty="11.400000"/>
  </frame>
  <frame idx="175" w="240" h="119" x="94.801003" y="59.900002">
   <element name="swap_hat" layername="heisenberghat" frame="3" z_index="1" m_a="0.811707" m_b="0.000000" m_c="0.000000" m_d="0.811691" m_tx="-3.199000" m_ty="11.400000"/>
  </frame>
  <frame idx="200" w="240" h="119" x="94.801003" y="59.900002">
   <element name="swap_hat" layername="heisenberghat" frame="3" z_index="1" m_a="0.811707" m_b="0.000000" m_c="0.000000" m_d="0.811691" m_tx="-3.199000" m_ty="11.400000"/>
  </frame>
  <frame idx="225" w="240" h="119" x="94.801003" y="59.900002">
   <element name="swap_hat" layername="heisenberghat" frame="3" z_index="1" m_a="0.811707" m_b="0.000000" m_c="0.000000" m_d="0.811691" m_tx="-3.199000" m_ty="11.400000"/>
  </frame>
  <frame idx="250" w="240" h="119" x="94.801003" y="59.900002">
   <element name="swap_hat" layername="heisenberghat" frame="3" z_index="1" m_a="0.811707" m_b="0.000000" m_c="0.000000" m_d="0.811691" m_tx="-3.199000" m_ty="11.400000"/>
  </frame>
  <frame idx="275" w="240" h="119" x="94.801003" y="59.900002">
   <element name="swap_hat" layername="heisenberghat" frame="3" z_index="1" m_a="0.811707" m_b="0.000000" m_c="0.000000" m_d="0.811691" m_tx="-3.199000" m_ty="11.400000"/>
  </frame>
  <frame idx="300" w="240" h="119" x="94.801003" y="59.900002">
   <element name="swap_hat" layername="heisenberghat" frame="3" z_index="1" m_a="0.811707" m_b="0.000000" m_c="0.000000" m_d="0.811691" m_tx="-3.199000" m_ty="11.400000"/>
  </frame>
  <frame idx="325" w="240" h="119" x="94.801003" y="59.900002">
   <element name="swap_hat" layername="heisenberghat" frame="3" z_index="1" m_a="0.811707" m_b="0.000000" m_c="0.000000" m_d="0.811691" m_tx="-3.199000" m_ty="11.400000"/>
  </frame>
  <frame idx="350" w="240" h="119" x="94.801003" y="59.900002">
   <element name="swap_hat" layername="heisenberghat" frame="3" z_index="1" m_a="0.811707" m_b="0.000000" m_c="0.000000" m_d="0.811691" m_tx="-3.199000" m_ty="11.400000"/>
  </frame>
  <frame idx="375" w="240" h="119" x="94.801003" y="59.900002">
   <element name="swap_hat" layername="heisenberghat" frame="3" z_index="1" m_a="0.811707" m_b="0.000000" m_c="0.000000" m_d="0.811691" m_tx="-3.199000" m_ty="11.400000"/>
  </frame>
  <frame idx="400" w="240" h="119" x="94.801003" y="59.900002">
   <element name="swap_hat" layername="heisenberghat" frame="3" z_index="1" m_a="0.811707" m_b="0.000000" m_c="0.000000" m_d="0.811691" m_tx="-3.199000" m_ty="11.400000"/>
  </frame>
  <frame idx="425" w="240" h="119" x="94.801003" y="59.900002">
   <element name="swap_hat" layername="heisenberghat" frame="3" z_index="1" m_a="0.811707" m_b="0.000000" m_c="0.000000" m_d="0.811691" m_tx="-3.199000" m_ty="11.400000"/>
  </frame>
  <frame idx="450" w="240" h="119" x="94.801003" y="59.900002">
   <element name="swap_hat" layername="heisenberghat" frame="3" z_index="1" m_a="0.811707" m_b="0.000000" m_c="0.000000" m_d="0.811691" m_tx="-3.199000" m_ty="11.400000"/>
  </frame>
  <frame idx="475" w="240" h="119" x="94.801003" y="59.900002">
   <element name="swap_hat" layername="heisenberghat" frame="3" z_index="1" m_a="0.811707" m_b="0.000000" m_c="0.000000" m_d="0.811691" m_tx="-3.199000" m_ty="11.400000"/>
  </frame>
  <frame idx="500" w="240" h="119" x="94.801003" y="59.900002">
   <element name="swap_hat" layername="heisenberghat" frame="3" z_index="1" m_a="0.811707" m_b="0.000000" m_c="0.000000" m_d="0.811691" m_tx="-3.199000" m_ty="11.400000"/>
  </frame>
  <frame idx="525" w="240" h="119" x="94.801003" y="59.900002">
   <element name="swap_hat" layername="heisenberghat" frame="3" z_index="1" m_a="0.811707" m_b="0.000000" m_c="0.000000" m_d="0.811691" m_tx="-3.199000" m_ty="11.400000"/>
  </frame>
  <frame idx="550" w="240" h="119" x="94.801003" y="59.900002">
   <element name="swap_hat" layername="heisenberghat" frame="3" z_index="1" m_a="0.811707" m_b="0.000000" m_c="0.000000" m_d="0.811691" m_tx="-3.199000" m_ty="11.400000"/>
  </frame>
  <frame idx="575" w="240" h="119" x="94.801003" y="59.900002">
   <element name="swap_hat" layername="heisenberghat" frame="3" z_index="1" m_a="0.811707" m_b="0.000000" m_c="0.000000" m_d="0.811691" m_tx="-3.199000" m_ty="11.400000"/>
  </frame>
  <frame idx="600" w="240" h="119" x="94.801003" y="59.900002">
   <element name="swap_hat" layername="heisenberghat" frame="3" z_index="1" m_a="0.811707" m_b="0.000000" m_c="0.000000" m_d="0.811691" m_tx="-3.199000" m_ty="11.400000"/>
  </frame>
  <frame idx="625" w="240" h="119" x="94.801003" y="59.900002">
   <element name="swap_hat" layername="heisenberghat" frame="3" z_index="1" m_a="0.811707" m_b="0.000000" m_c="0.000000" m_d="0.811691" m_tx="-3.199000" m_ty="11.400000"/>
  </frame>
  <frame idx="650" w="240" h="119" x="94.801003" y="59.900002">
   <element name="swap_hat" layername="heisenberghat" frame="3" z_index="1" m_a="0.811707" m_b="0.000000" m_c="0.000000" m_d="0.811691" m_tx="-3.199000" m_ty="11.400000"/>
  </frame>
  <frame idx="675" w="240" h="119" x="94.801003" y="59.900002">
   <element name="swap_hat" layername="heisenberghat" frame="3" z_index="1" m_a="0.811707" m_b="0.000000" m_c="0.000000" m_d="0.811691" m_tx="-3.199000" m_ty="11.400000"/>
  </frame>
  <frame idx="700" w="240" h="119" x="94.801003" y="59.900002">
   <element name="swap_hat" layername="heisenberghat" frame="3" z_index="1" m_a="0.811707" m_b="0.000000" m_c="0.000000" m_d="0.811691" m_tx="-3.199000" m_ty="11.400000"/>
  </frame>
  <frame idx="725" w="240" h="119" x="94.801003" y="59.900002">
   <element name="swap_hat" layername="heisenberghat" frame="3" z_index="1" m_a="0.811707" m_b="0.000000" m_c="0.000000" m_d="0.811691" m_tx="-3.199000" m_ty="11.400000"/>
  </frame>
  <frame idx="750" w="240" h="119" x="94.801003" y="59.900002">
   <element name="swap_hat" layername="heisenberghat" frame="3" z_index="1" m_a="0.811707" m_b="0.000000" m_c="0.000000" m_d="0.811691" m_tx="-3.199000" m_ty="11.400000"/>
  </frame>
  <frame idx="775" w="240" h="119" x="94.801003" y="59.900002">
   <element name="swap_hat" layername="heisenberghat" frame="3" z_index="1" m_a="0.811707" m_b="0.000000" m_c="0.000000" m_d="0.811691" m_tx="-3.199000" m_ty="11.400000"/>
  </frame>
  <frame idx="800" w="240" h="119" x="94.801003" y="59.900002">
   <element name="swap_hat" layername="heisenberghat" frame="3" z_index="1" m_a="0.811707" m_b="0.000000" m_c="0.000000" m_d="0.811691" m_tx="-3.199000" m_ty="11.400000"/>
  </frame>
  <frame idx="825" w="240" h="119" x="94.801003" y="59.900002">
   <element name="swap_hat" layername="heisenberghat" frame="3" z_index="1" m_a="0.811707" m_b="0.000000" m_c="0.000000" m_d="0.811691" m_tx="-3.199000" m_ty="11.400000"/>
  </frame>
  <frame idx="850" w="240" h="119" x="94.801003" y="59.900002">
   <element name="swap_hat" layername="heisenberghat" frame="3" z_index="1" m_a="0.811707" m_b="0.000000" m_c="0.000000" m_d="0.811691" m_tx="-3.199000" m_ty="11.400000"/>
  </frame>
  <frame idx="875" w="240" h="119" x="94.801003" y="59.900002">
   <element name="swap_hat" layername="heisenberghat" frame="3" z_index="1" m_a="0.811707" m_b="0.000000" m_c="0.000000" m_d="0.811691" m_tx="-3.199000" m_ty="11.400000"/>
  </frame>
  <frame idx="900" w="240" h="119" x="94.801003" y="59.900002">
   <element name="swap_hat" layername="heisenberghat" frame="3" z_index="1" m_a="0.811707" m_b="0.000000" m_c="0.000000" m_d="0.811691" m_tx="-3.199000" m_ty="11.400000"/>
  </frame>
  <frame idx="925" w="240" h="119" x="94.801003" y="59.900002">
   <element name="swap_hat" layername="heisenberghat" frame="3" z_index="1" m_a="0.811707" m_b="0.000000" m_c="0.000000" m_d="0.811691" m_tx="-3.199000" m_ty="11.400000"/>
  </frame>
  <frame idx="950" w="240" h="119" x="94.801003" y="59.900002">
   <element name="swap_hat" layername="heisenberghat" frame="3" z_index="1" m_a="0.811707" m_b="0.000000" m_c="0.000000" m_d="0.811691" m_tx="-3.199000" m_ty="11.400000"/>
  </frame>
  <frame idx="975" w="240" h="119" x="94.801003" y="59.900002">
   <element name="swap_hat" layername="heisenberghat" frame="3" z_index="1" m_a="0.811707" m_b="0.000000" m_c="0.000000" m_d="0.811691" m_tx="-3.199000" m_ty="11.400000"/>
  </frame>
 </anim>
</Anims>
