<Anims>
 <anim name="fly" root="titles_fx" numframes="1000" framerate="40">
  <frame idx="0" w="583" h="126" x="-25.500000" y="-20.000000">
   <element name="titles" layername="titles_e" frame="13" z_index="10" m_a="2.000000" m_b="0.000000" m_c="0.000000" m_d="2.000000" m_tx="-264.000000" m_ty="-71.000000"/>
  </frame>
  <frame idx="25" w="583" h="126" x="-25.500000" y="-20.000000">
   <element name="titles" layername="titles_e" frame="13" z_index="10" m_a="2.000000" m_b="0.000000" m_c="0.000000" m_d="2.000000" m_tx="-264.000000" m_ty="-71.000000"/>
  </frame>
  <frame idx="50" w="583" h="126" x="-25.500000" y="-20.000000">
   <element name="titles" layername="titles_e" frame="13" z_index="10" m_a="2.000000" m_b="0.000000" m_c="0.000000" m_d="2.000000" m_tx="-264.000000" m_ty="-71.000000"/>
  </frame>
  <frame idx="75" w="583" h="126" x="-25.500000" y="-20.000000">
   <element name="titles" layername="titles_e" frame="13" z_index="10" m_a="2.000000" m_b="0.000000" m_c="0.000000" m_d="2.000000" m_tx="-264.000000" m_ty="-71.000000"/>
  </frame>
  <frame idx="100" w="583" h="126" x="-25.500000" y="-20.000000">
   <element name="titles" layername="titles_e" frame="13" z_index="10" m_a="2.000000" m_b="0.000000" m_c="0.000000" m_d="2.000000" m_tx="-264.000000" m_ty="-71.000000"/>
  </frame>
  <frame idx="125" w="583" h="126" x="-25.500000" y="-20.000000">
   <element name="titles" layername="titles_e" frame="13" z_index="10" m_a="2.000000" m_b="0.000000" m_c="0.000000" m_d="2.000000" m_tx="-264.000000" m_ty="-71.000000"/>
  </frame>
  <frame idx="150" w="583" h="126" x="-25.500000" y="-20.000000">
   <element name="titles" layername="titles_e" frame="13" z_index="10" m_a="2.000000" m_b="0.000000" m_c="0.000000" m_d="2.000000" m_tx="-264.000000" m_ty="-71.000000"/>
  </frame>
  <frame idx="175" w="583" h="126" x="-25.500000" y="-20.000000">
   <element name="titles" layername="titles_e" frame="13" z_index="10" m_a="2.000000" m_b="0.000000" m_c="0.000000" m_d="2.000000" m_tx="-264.000000" m_ty="-71.000000"/>
  </frame>
  <frame idx="200" w="583" h="126" x="-25.500000" y="-20.000000">
   <element name="titles" layername="titles_e" frame="13" z_index="10" m_a="2.000000" m_b="0.000000" m_c="0.000000" m_d="2.000000" m_tx="-264.000000" m_ty="-71.000000"/>
  </frame>
  <frame idx="225" w="583" h="126" x="-25.500000" y="-20.000000">
   <element name="titles" layername="titles_e" frame="13" z_index="10" m_a="2.000000" m_b="0.000000" m_c="0.000000" m_d="2.000000" m_tx="-264.000000" m_ty="-71.000000"/>
  </frame>
  <frame idx="250" w="583" h="126" x="-25.500000" y="-20.000000">
   <element name="titles" layername="titles_e" frame="13" z_index="10" m_a="2.000000" m_b="0.000000" m_c="0.000000" m_d="2.000000" m_tx="-264.000000" m_ty="-71.000000"/>
  </frame>
  <frame idx="275" w="583" h="126" x="-25.500000" y="-20.000000">
   <element name="titles" layername="titles_e" frame="13" z_index="10" m_a="2.000000" m_b="0.000000" m_c="0.000000" m_d="2.000000" m_tx="-264.000000" m_ty="-71.000000"/>
  </frame>
  <frame idx="300" w="583" h="126" x="-25.500000" y="-20.000000">
   <element name="titles" layername="titles_e" frame="13" z_index="10" m_a="2.000000" m_b="0.000000" m_c="0.000000" m_d="2.000000" m_tx="-264.000000" m_ty="-71.000000"/>
  </frame>
  <frame idx="325" w="583" h="126" x="-25.500000" y="-20.000000">
   <element name="titles" layername="titles_e" frame="13" z_index="10" m_a="2.000000" m_b="0.000000" m_c="0.000000" m_d="2.000000" m_tx="-264.000000" m_ty="-71.000000"/>
  </frame>
  <frame idx="350" w="583" h="126" x="-25.500000" y="-20.000000">
   <element name="titles" layername="titles_e" frame="13" z_index="10" m_a="2.000000" m_b="0.000000" m_c="0.000000" m_d="2.000000" m_tx="-264.000000" m_ty="-71.000000"/>
  </frame>
  <frame idx="375" w="583" h="126" x="-25.500000" y="-20.000000">
   <element name="titles" layername="titles_e" frame="13" z_index="10" m_a="2.000000" m_b="0.000000" m_c="0.000000" m_d="2.000000" m_tx="-264.000000" m_ty="-71.000000"/>
  </frame>
  <frame idx="400" w="583" h="126" x="-25.500000" y="-20.000000">
   <element name="titles" layername="titles_e" frame="13" z_index="10" m_a="2.000000" m_b="0.000000" m_c="0.000000" m_d="2.000000" m_tx="-264.000000" m_ty="-71.000000"/>
  </frame>
  <frame idx="425" w="583" h="126" x="-25.500000" y="-20.000000">
   <element name="titles" layername="titles_e" frame="13" z_index="10" m_a="2.000000" m_b="0.000000" m_c="0.000000" m_d="2.000000" m_tx="-264.000000" m_ty="-71.000000"/>
  </frame>
  <frame idx="450" w="583" h="126" x="-25.500000" y="-20.000000">
   <element name="titles" layername="titles_e" frame="13" z_index="10" m_a="2.000000" m_b="0.000000" m_c="0.000000" m_d="2.000000" m_tx="-264.000000" m_ty="-71.000000"/>
  </frame>
  <frame idx="475" w="583" h="126" x="-25.500000" y="-20.000000">
   <element name="titles" layername="titles_e" frame="13" z_index="10" m_a="2.000000" m_b="0.000000" m_c="0.000000" m_d="2.000000" m_tx="-264.000000" m_ty="-71.000000"/>
  </frame>
  <frame idx="500" w="583" h="126" x="-25.500000" y="-20.000000">
   <element name="titles" layername="titles_e" frame="13" z_index="10" m_a="2.000000" m_b="0.000000" m_c="0.000000" m_d="2.000000" m_tx="-264.000000" m_ty="-71.000000"/>
  </frame>
  <frame idx="525" w="583" h="126" x="-25.500000" y="-20.000000">
   <element name="titles" layername="titles_e" frame="13" z_index="10" m_a="2.000000" m_b="0.000000" m_c="0.000000" m_d="2.000000" m_tx="-264.000000" m_ty="-71.000000"/>
  </frame>
  <frame idx="550" w="583" h="126" x="-25.500000" y="-20.000000">
   <element name="titles" layername="titles_e" frame="13" z_index="10" m_a="2.000000" m_b="0.000000" m_c="0.000000" m_d="2.000000" m_tx="-264.000000" m_ty="-71.000000"/>
  </frame>
  <frame idx="575" w="583" h="126" x="-25.500000" y="-20.000000">
   <element name="titles" layername="titles_e" frame="13" z_index="10" m_a="2.000000" m_b="0.000000" m_c="0.000000" m_d="2.000000" m_tx="-264.000000" m_ty="-71.000000"/>
  </frame>
  <frame idx="600" w="583" h="126" x="-25.500000" y="-20.000000">
   <element name="titles" layername="titles_e" frame="13" z_index="10" m_a="2.000000" m_b="0.000000" m_c="0.000000" m_d="2.000000" m_tx="-264.000000" m_ty="-71.000000"/>
  </frame>
  <frame idx="625" w="583" h="126" x="-25.500000" y="-20.000000">
   <element name="titles" layername="titles_e" frame="13" z_index="10" m_a="2.000000" m_b="0.000000" m_c="0.000000" m_d="2.000000" m_tx="-264.000000" m_ty="-71.000000"/>
  </frame>
  <frame idx="650" w="583" h="126" x="-25.500000" y="-20.000000">
   <element name="titles" layername="titles_e" frame="13" z_index="10" m_a="2.000000" m_b="0.000000" m_c="0.000000" m_d="2.000000" m_tx="-264.000000" m_ty="-71.000000"/>
  </frame>
  <frame idx="675" w="583" h="126" x="-25.500000" y="-20.000000">
   <element name="titles" layername="titles_e" frame="13" z_index="10" m_a="2.000000" m_b="0.000000" m_c="0.000000" m_d="2.000000" m_tx="-264.000000" m_ty="-71.000000"/>
  </frame>
  <frame idx="700" w="583" h="126" x="-25.500000" y="-20.000000">
   <element name="titles" layername="titles_e" frame="13" z_index="10" m_a="2.000000" m_b="0.000000" m_c="0.000000" m_d="2.000000" m_tx="-264.000000" m_ty="-71.000000"/>
  </frame>
  <frame idx="725" w="583" h="126" x="-25.500000" y="-20.000000">
   <element name="titles" layername="titles_e" frame="13" z_index="10" m_a="2.000000" m_b="0.000000" m_c="0.000000" m_d="2.000000" m_tx="-264.000000" m_ty="-71.000000"/>
  </frame>
  <frame idx="750" w="583" h="126" x="-25.500000" y="-20.000000">
   <element name="titles" layername="titles_e" frame="13" z_index="10" m_a="2.000000" m_b="0.000000" m_c="0.000000" m_d="2.000000" m_tx="-264.000000" m_ty="-71.000000"/>
  </frame>
  <frame idx="775" w="583" h="126" x="-25.500000" y="-20.000000">
   <element name="titles" layername="titles_e" frame="13" z_index="10" m_a="2.000000" m_b="0.000000" m_c="0.000000" m_d="2.000000" m_tx="-264.000000" m_ty="-71.000000"/>
  </frame>
  <frame idx="800" w="583" h="126" x="-25.500000" y="-20.000000">
   <element name="titles" layername="titles_e" frame="13" z_index="10" m_a="2.000000" m_b="0.000000" m_c="0.000000" m_d="2.000000" m_tx="-264.000000" m_ty="-71.000000"/>
  </frame>
  <frame idx="825" w="583" h="126" x="-25.500000" y="-20.000000">
   <element name="titles" layername="titles_e" frame="13" z_index="10" m_a="2.000000" m_b="0.000000" m_c="0.000000" m_d="2.000000" m_tx="-264.000000" m_ty="-71.000000"/>
  </frame>
  <frame idx="850" w="583" h="126" x="-25.500000" y="-20.000000">
   <element name="titles" layername="titles_e" frame="13" z_index="10" m_a="2.000000" m_b="0.000000" m_c="0.000000" m_d="2.000000" m_tx="-264.000000" m_ty="-71.000000"/>
  </frame>
  <frame idx="875" w="583" h="126" x="-25.500000" y="-20.000000">
   <element name="titles" layername="titles_e" frame="13" z_index="10" m_a="2.000000" m_b="0.000000" m_c="0.000000" m_d="2.000000" m_tx="-264.000000" m_ty="-71.000000"/>
  </frame>
  <frame idx="900" w="583" h="126" x="-25.500000" y="-20.000000">
   <element name="titles" layername="titles_e" frame="13" z_index="10" m_a="2.000000" m_b="0.000000" m_c="0.000000" m_d="2.000000" m_tx="-264.000000" m_ty="-71.000000"/>
  </frame>
  <frame idx="925" w="583" h="126" x="-25.500000" y="-20.000000">
   <element name="titles" layername="titles_e" frame="13" z_index="10" m_a="2.000000" m_b="0.000000" m_c="0.000000" m_d="2.000000" m_tx="-264.000000" m_ty="-71.000000"/>
  </frame>
  <frame idx="950" w="583" h="126" x="-25.500000" y="-20.000000">
   <element name="titles" layername="titles_e" frame="13" z_index="10" m_a="2.000000" m_b="0.000000" m_c="0.000000" m_d="2.000000" m_tx="-264.000000" m_ty="-71.000000"/>
  </frame>
  <frame idx="975" w="583" h="126" x="-25.500000" y="-20.000000">
   <element name="titles" layername="titles_e" frame="13" z_index="10" m_a="2.000000" m_b="0.000000" m_c="0.000000" m_d="2.000000" m_tx="-264.000000" m_ty="-71.000000"/>
  </frame>
 </anim>
 <anim name="luckbody" root="titles_fx" numframes="975" framerate="40">
  <frame idx="0" w="564" h="132" x="-26.000000" y="-5.000000">
   <element name="titles" layername="titles" frame="9" z_index="10" m_a="2.000000" m_b="0.000000" m_c="0.000000" m_d="2.000000" m_tx="-256.000000" m_ty="-59.000000"/>
  </frame>
  <frame idx="25" w="564" h="132" x="-26.000000" y="-5.000000">
   <element name="titles" layername="titles" frame="9" z_index="10" m_a="2.000000" m_b="0.000000" m_c="0.000000" m_d="2.000000" m_tx="-256.000000" m_ty="-59.000000"/>
  </frame>
  <frame idx="50" w="564" h="132" x="-26.000000" y="-5.000000">
   <element name="titles" layername="titles" frame="9" z_index="10" m_a="2.000000" m_b="0.000000" m_c="0.000000" m_d="2.000000" m_tx="-256.000000" m_ty="-59.000000"/>
  </frame>
  <frame idx="75" w="564" h="132" x="-26.000000" y="-5.000000">
   <element name="titles" layername="titles" frame="9" z_index="10" m_a="2.000000" m_b="0.000000" m_c="0.000000" m_d="2.000000" m_tx="-256.000000" m_ty="-59.000000"/>
  </frame>
  <frame idx="100" w="564" h="132" x="-26.000000" y="-5.000000">
   <element name="titles" layername="titles" frame="9" z_index="10" m_a="2.000000" m_b="0.000000" m_c="0.000000" m_d="2.000000" m_tx="-256.000000" m_ty="-59.000000"/>
  </frame>
  <frame idx="125" w="564" h="132" x="-26.000000" y="-5.000000">
   <element name="titles" layername="titles" frame="9" z_index="10" m_a="2.000000" m_b="0.000000" m_c="0.000000" m_d="2.000000" m_tx="-256.000000" m_ty="-59.000000"/>
  </frame>
  <frame idx="150" w="564" h="132" x="-26.000000" y="-5.000000">
   <element name="titles" layername="titles" frame="9" z_index="10" m_a="2.000000" m_b="0.000000" m_c="0.000000" m_d="2.000000" m_tx="-256.000000" m_ty="-59.000000"/>
  </frame>
  <frame idx="175" w="564" h="132" x="-26.000000" y="-5.000000">
   <element name="titles" layername="titles" frame="9" z_index="10" m_a="2.000000" m_b="0.000000" m_c="0.000000" m_d="2.000000" m_tx="-256.000000" m_ty="-59.000000"/>
  </frame>
  <frame idx="200" w="564" h="132" x="-26.000000" y="-5.000000">
   <element name="titles" layername="titles" frame="9" z_index="10" m_a="2.000000" m_b="0.000000" m_c="0.000000" m_d="2.000000" m_tx="-256.000000" m_ty="-59.000000"/>
  </frame>
  <frame idx="225" w="564" h="132" x="-26.000000" y="-5.000000">
   <element name="titles" layername="titles" frame="9" z_index="10" m_a="2.000000" m_b="0.000000" m_c="0.000000" m_d="2.000000" m_tx="-256.000000" m_ty="-59.000000"/>
  </frame>
  <frame idx="250" w="564" h="132" x="-26.000000" y="-5.000000">
   <element name="titles" layername="titles" frame="9" z_index="10" m_a="2.000000" m_b="0.000000" m_c="0.000000" m_d="2.000000" m_tx="-256.000000" m_ty="-59.000000"/>
  </frame>
  <frame idx="275" w="564" h="132" x="-26.000000" y="-5.000000">
   <element name="titles" layername="titles" frame="9" z_index="10" m_a="2.000000" m_b="0.000000" m_c="0.000000" m_d="2.000000" m_tx="-256.000000" m_ty="-59.000000"/>
  </frame>
  <frame idx="300" w="564" h="132" x="-26.000000" y="-5.000000">
   <element name="titles" layername="titles" frame="9" z_index="10" m_a="2.000000" m_b="0.000000" m_c="0.000000" m_d="2.000000" m_tx="-256.000000" m_ty="-59.000000"/>
  </frame>
  <frame idx="325" w="564" h="132" x="-26.000000" y="-5.000000">
   <element name="titles" layername="titles" frame="9" z_index="10" m_a="2.000000" m_b="0.000000" m_c="0.000000" m_d="2.000000" m_tx="-256.000000" m_ty="-59.000000"/>
  </frame>
  <frame idx="350" w="564" h="132" x="-26.000000" y="-5.000000">
   <element name="titles" layername="titles" frame="9" z_index="10" m_a="2.000000" m_b="0.000000" m_c="0.000000" m_d="2.000000" m_tx="-256.000000" m_ty="-59.000000"/>
  </frame>
  <frame idx="375" w="564" h="132" x="-26.000000" y="-5.000000">
   <element name="titles" layername="titles" frame="9" z_index="10" m_a="2.000000" m_b="0.000000" m_c="0.000000" m_d="2.000000" m_tx="-256.000000" m_ty="-59.000000"/>
  </frame>
  <frame idx="400" w="564" h="132" x="-26.000000" y="-5.000000">
   <element name="titles" layername="titles" frame="9" z_index="10" m_a="2.000000" m_b="0.000000" m_c="0.000000" m_d="2.000000" m_tx="-256.000000" m_ty="-59.000000"/>
  </frame>
  <frame idx="425" w="564" h="132" x="-26.000000" y="-5.000000">
   <element name="titles" layername="titles" frame="9" z_index="10" m_a="2.000000" m_b="0.000000" m_c="0.000000" m_d="2.000000" m_tx="-256.000000" m_ty="-59.000000"/>
  </frame>
  <frame idx="450" w="564" h="132" x="-26.000000" y="-5.000000">
   <element name="titles" layername="titles" frame="9" z_index="10" m_a="2.000000" m_b="0.000000" m_c="0.000000" m_d="2.000000" m_tx="-256.000000" m_ty="-59.000000"/>
  </frame>
  <frame idx="475" w="564" h="132" x="-26.000000" y="-5.000000">
   <element name="titles" layername="titles" frame="9" z_index="10" m_a="2.000000" m_b="0.000000" m_c="0.000000" m_d="2.000000" m_tx="-256.000000" m_ty="-59.000000"/>
  </frame>
  <frame idx="500" w="564" h="132" x="-26.000000" y="-5.000000">
   <element name="titles" layername="titles" frame="9" z_index="10" m_a="2.000000" m_b="0.000000" m_c="0.000000" m_d="2.000000" m_tx="-256.000000" m_ty="-59.000000"/>
  </frame>
  <frame idx="525" w="564" h="132" x="-26.000000" y="-5.000000">
   <element name="titles" layername="titles" frame="9" z_index="10" m_a="2.000000" m_b="0.000000" m_c="0.000000" m_d="2.000000" m_tx="-256.000000" m_ty="-59.000000"/>
  </frame>
  <frame idx="550" w="564" h="132" x="-26.000000" y="-5.000000">
   <element name="titles" layername="titles" frame="9" z_index="10" m_a="2.000000" m_b="0.000000" m_c="0.000000" m_d="2.000000" m_tx="-256.000000" m_ty="-59.000000"/>
  </frame>
  <frame idx="575" w="564" h="132" x="-26.000000" y="-5.000000">
   <element name="titles" layername="titles" frame="9" z_index="10" m_a="2.000000" m_b="0.000000" m_c="0.000000" m_d="2.000000" m_tx="-256.000000" m_ty="-59.000000"/>
  </frame>
  <frame idx="600" w="564" h="132" x="-26.000000" y="-5.000000">
   <element name="titles" layername="titles" frame="9" z_index="10" m_a="2.000000" m_b="0.000000" m_c="0.000000" m_d="2.000000" m_tx="-256.000000" m_ty="-59.000000"/>
  </frame>
  <frame idx="625" w="564" h="132" x="-26.000000" y="-5.000000">
   <element name="titles" layername="titles" frame="9" z_index="10" m_a="2.000000" m_b="0.000000" m_c="0.000000" m_d="2.000000" m_tx="-256.000000" m_ty="-59.000000"/>
  </frame>
  <frame idx="650" w="564" h="132" x="-26.000000" y="-5.000000">
   <element name="titles" layername="titles" frame="9" z_index="10" m_a="2.000000" m_b="0.000000" m_c="0.000000" m_d="2.000000" m_tx="-256.000000" m_ty="-59.000000"/>
  </frame>
  <frame idx="675" w="564" h="132" x="-26.000000" y="-5.000000">
   <element name="titles" layername="titles" frame="9" z_index="10" m_a="2.000000" m_b="0.000000" m_c="0.000000" m_d="2.000000" m_tx="-256.000000" m_ty="-59.000000"/>
  </frame>
  <frame idx="700" w="564" h="132" x="-26.000000" y="-5.000000">
   <element name="titles" layername="titles" frame="9" z_index="10" m_a="2.000000" m_b="0.000000" m_c="0.000000" m_d="2.000000" m_tx="-256.000000" m_ty="-59.000000"/>
  </frame>
  <frame idx="725" w="564" h="132" x="-26.000000" y="-5.000000">
   <element name="titles" layername="titles" frame="9" z_index="10" m_a="2.000000" m_b="0.000000" m_c="0.000000" m_d="2.000000" m_tx="-256.000000" m_ty="-59.000000"/>
  </frame>
  <frame idx="750" w="564" h="132" x="-26.000000" y="-5.000000">
   <element name="titles" layername="titles" frame="9" z_index="10" m_a="2.000000" m_b="0.000000" m_c="0.000000" m_d="2.000000" m_tx="-256.000000" m_ty="-59.000000"/>
  </frame>
  <frame idx="775" w="564" h="132" x="-26.000000" y="-5.000000">
   <element name="titles" layername="titles" frame="9" z_index="10" m_a="2.000000" m_b="0.000000" m_c="0.000000" m_d="2.000000" m_tx="-256.000000" m_ty="-59.000000"/>
  </frame>
  <frame idx="800" w="564" h="132" x="-26.000000" y="-5.000000">
   <element name="titles" layername="titles" frame="9" z_index="10" m_a="2.000000" m_b="0.000000" m_c="0.000000" m_d="2.000000" m_tx="-256.000000" m_ty="-59.000000"/>
  </frame>
  <frame idx="825" w="564" h="132" x="-26.000000" y="-5.000000">
   <element name="titles" layername="titles" frame="9" z_index="10" m_a="2.000000" m_b="0.000000" m_c="0.000000" m_d="2.000000" m_tx="-256.000000" m_ty="-59.000000"/>
  </frame>
  <frame idx="850" w="564" h="132" x="-26.000000" y="-5.000000">
   <element name="titles" layername="titles" frame="9" z_index="10" m_a="2.000000" m_b="0.000000" m_c="0.000000" m_d="2.000000" m_tx="-256.000000" m_ty="-59.000000"/>
  </frame>
  <frame idx="875" w="564" h="132" x="-26.000000" y="-5.000000">
   <element name="titles" layername="titles" frame="9" z_index="10" m_a="2.000000" m_b="0.000000" m_c="0.000000" m_d="2.000000" m_tx="-256.000000" m_ty="-59.000000"/>
  </frame>
  <frame idx="900" w="564" h="132" x="-26.000000" y="-5.000000">
   <element name="titles" layername="titles" frame="9" z_index="10" m_a="2.000000" m_b="0.000000" m_c="0.000000" m_d="2.000000" m_tx="-256.000000" m_ty="-59.000000"/>
  </frame>
  <frame idx="925" w="564" h="132" x="-26.000000" y="-5.000000">
   <element name="titles" layername="titles" frame="9" z_index="10" m_a="2.000000" m_b="0.000000" m_c="0.000000" m_d="2.000000" m_tx="-256.000000" m_ty="-59.000000"/>
  </frame>
  <frame idx="950" w="564" h="132" x="-26.000000" y="-5.000000">
   <element name="titles" layername="titles" frame="9" z_index="10" m_a="2.000000" m_b="0.000000" m_c="0.000000" m_d="2.000000" m_tx="-256.000000" m_ty="-59.000000"/>
  </frame>
 </anim>
 <anim name="king" root="titles_fx" numframes="975" framerate="40">
  <frame idx="0" w="564" h="130" x="-25.000000" y="-6.000000">
   <element name="titles" layername="titles" frame="11" z_index="10" m_a="2.000000" m_b="0.000000" m_c="0.000000" m_d="2.000000" m_tx="-255.000000" m_ty="-59.000000"/>
  </frame>
  <frame idx="25" w="564" h="130" x="-25.000000" y="-6.000000">
   <element name="titles" layername="titles" frame="11" z_index="10" m_a="2.000000" m_b="0.000000" m_c="0.000000" m_d="2.000000" m_tx="-255.000000" m_ty="-59.000000"/>
  </frame>
  <frame idx="50" w="564" h="130" x="-25.000000" y="-6.000000">
   <element name="titles" layername="titles" frame="11" z_index="10" m_a="2.000000" m_b="0.000000" m_c="0.000000" m_d="2.000000" m_tx="-255.000000" m_ty="-59.000000"/>
  </frame>
  <frame idx="75" w="564" h="130" x="-25.000000" y="-6.000000">
   <element name="titles" layername="titles" frame="11" z_index="10" m_a="2.000000" m_b="0.000000" m_c="0.000000" m_d="2.000000" m_tx="-255.000000" m_ty="-59.000000"/>
  </frame>
  <frame idx="100" w="564" h="130" x="-25.000000" y="-6.000000">
   <element name="titles" layername="titles" frame="11" z_index="10" m_a="2.000000" m_b="0.000000" m_c="0.000000" m_d="2.000000" m_tx="-255.000000" m_ty="-59.000000"/>
  </frame>
  <frame idx="125" w="564" h="130" x="-25.000000" y="-6.000000">
   <element name="titles" layername="titles" frame="11" z_index="10" m_a="2.000000" m_b="0.000000" m_c="0.000000" m_d="2.000000" m_tx="-255.000000" m_ty="-59.000000"/>
  </frame>
  <frame idx="150" w="564" h="130" x="-25.000000" y="-6.000000">
   <element name="titles" layername="titles" frame="11" z_index="10" m_a="2.000000" m_b="0.000000" m_c="0.000000" m_d="2.000000" m_tx="-255.000000" m_ty="-59.000000"/>
  </frame>
  <frame idx="175" w="564" h="130" x="-25.000000" y="-6.000000">
   <element name="titles" layername="titles" frame="11" z_index="10" m_a="2.000000" m_b="0.000000" m_c="0.000000" m_d="2.000000" m_tx="-255.000000" m_ty="-59.000000"/>
  </frame>
  <frame idx="200" w="564" h="130" x="-25.000000" y="-6.000000">
   <element name="titles" layername="titles" frame="11" z_index="10" m_a="2.000000" m_b="0.000000" m_c="0.000000" m_d="2.000000" m_tx="-255.000000" m_ty="-59.000000"/>
  </frame>
  <frame idx="225" w="564" h="130" x="-25.000000" y="-6.000000">
   <element name="titles" layername="titles" frame="11" z_index="10" m_a="2.000000" m_b="0.000000" m_c="0.000000" m_d="2.000000" m_tx="-255.000000" m_ty="-59.000000"/>
  </frame>
  <frame idx="250" w="564" h="130" x="-25.000000" y="-6.000000">
   <element name="titles" layername="titles" frame="11" z_index="10" m_a="2.000000" m_b="0.000000" m_c="0.000000" m_d="2.000000" m_tx="-255.000000" m_ty="-59.000000"/>
  </frame>
  <frame idx="275" w="564" h="130" x="-25.000000" y="-6.000000">
   <element name="titles" layername="titles" frame="11" z_index="10" m_a="2.000000" m_b="0.000000" m_c="0.000000" m_d="2.000000" m_tx="-255.000000" m_ty="-59.000000"/>
  </frame>
  <frame idx="300" w="564" h="130" x="-25.000000" y="-6.000000">
   <element name="titles" layername="titles" frame="11" z_index="10" m_a="2.000000" m_b="0.000000" m_c="0.000000" m_d="2.000000" m_tx="-255.000000" m_ty="-59.000000"/>
  </frame>
  <frame idx="325" w="564" h="130" x="-25.000000" y="-6.000000">
   <element name="titles" layername="titles" frame="11" z_index="10" m_a="2.000000" m_b="0.000000" m_c="0.000000" m_d="2.000000" m_tx="-255.000000" m_ty="-59.000000"/>
  </frame>
  <frame idx="350" w="564" h="130" x="-25.000000" y="-6.000000">
   <element name="titles" layername="titles" frame="11" z_index="10" m_a="2.000000" m_b="0.000000" m_c="0.000000" m_d="2.000000" m_tx="-255.000000" m_ty="-59.000000"/>
  </frame>
  <frame idx="375" w="564" h="130" x="-25.000000" y="-6.000000">
   <element name="titles" layername="titles" frame="11" z_index="10" m_a="2.000000" m_b="0.000000" m_c="0.000000" m_d="2.000000" m_tx="-255.000000" m_ty="-59.000000"/>
  </frame>
  <frame idx="400" w="564" h="130" x="-25.000000" y="-6.000000">
   <element name="titles" layername="titles" frame="11" z_index="10" m_a="2.000000" m_b="0.000000" m_c="0.000000" m_d="2.000000" m_tx="-255.000000" m_ty="-59.000000"/>
  </frame>
  <frame idx="425" w="564" h="130" x="-25.000000" y="-6.000000">
   <element name="titles" layername="titles" frame="11" z_index="10" m_a="2.000000" m_b="0.000000" m_c="0.000000" m_d="2.000000" m_tx="-255.000000" m_ty="-59.000000"/>
  </frame>
  <frame idx="450" w="564" h="130" x="-25.000000" y="-6.000000">
   <element name="titles" layername="titles" frame="11" z_index="10" m_a="2.000000" m_b="0.000000" m_c="0.000000" m_d="2.000000" m_tx="-255.000000" m_ty="-59.000000"/>
  </frame>
  <frame idx="475" w="564" h="130" x="-25.000000" y="-6.000000">
   <element name="titles" layername="titles" frame="11" z_index="10" m_a="2.000000" m_b="0.000000" m_c="0.000000" m_d="2.000000" m_tx="-255.000000" m_ty="-59.000000"/>
  </frame>
  <frame idx="500" w="564" h="130" x="-25.000000" y="-6.000000">
   <element name="titles" layername="titles" frame="11" z_index="10" m_a="2.000000" m_b="0.000000" m_c="0.000000" m_d="2.000000" m_tx="-255.000000" m_ty="-59.000000"/>
  </frame>
  <frame idx="525" w="564" h="130" x="-25.000000" y="-6.000000">
   <element name="titles" layername="titles" frame="11" z_index="10" m_a="2.000000" m_b="0.000000" m_c="0.000000" m_d="2.000000" m_tx="-255.000000" m_ty="-59.000000"/>
  </frame>
  <frame idx="550" w="564" h="130" x="-25.000000" y="-6.000000">
   <element name="titles" layername="titles" frame="11" z_index="10" m_a="2.000000" m_b="0.000000" m_c="0.000000" m_d="2.000000" m_tx="-255.000000" m_ty="-59.000000"/>
  </frame>
  <frame idx="575" w="564" h="130" x="-25.000000" y="-6.000000">
   <element name="titles" layername="titles" frame="11" z_index="10" m_a="2.000000" m_b="0.000000" m_c="0.000000" m_d="2.000000" m_tx="-255.000000" m_ty="-59.000000"/>
  </frame>
  <frame idx="600" w="564" h="130" x="-25.000000" y="-6.000000">
   <element name="titles" layername="titles" frame="11" z_index="10" m_a="2.000000" m_b="0.000000" m_c="0.000000" m_d="2.000000" m_tx="-255.000000" m_ty="-59.000000"/>
  </frame>
  <frame idx="625" w="564" h="130" x="-25.000000" y="-6.000000">
   <element name="titles" layername="titles" frame="11" z_index="10" m_a="2.000000" m_b="0.000000" m_c="0.000000" m_d="2.000000" m_tx="-255.000000" m_ty="-59.000000"/>
  </frame>
  <frame idx="650" w="564" h="130" x="-25.000000" y="-6.000000">
   <element name="titles" layername="titles" frame="11" z_index="10" m_a="2.000000" m_b="0.000000" m_c="0.000000" m_d="2.000000" m_tx="-255.000000" m_ty="-59.000000"/>
  </frame>
  <frame idx="675" w="564" h="130" x="-25.000000" y="-6.000000">
   <element name="titles" layername="titles" frame="11" z_index="10" m_a="2.000000" m_b="0.000000" m_c="0.000000" m_d="2.000000" m_tx="-255.000000" m_ty="-59.000000"/>
  </frame>
  <frame idx="700" w="564" h="130" x="-25.000000" y="-6.000000">
   <element name="titles" layername="titles" frame="11" z_index="10" m_a="2.000000" m_b="0.000000" m_c="0.000000" m_d="2.000000" m_tx="-255.000000" m_ty="-59.000000"/>
  </frame>
  <frame idx="725" w="564" h="130" x="-25.000000" y="-6.000000">
   <element name="titles" layername="titles" frame="11" z_index="10" m_a="2.000000" m_b="0.000000" m_c="0.000000" m_d="2.000000" m_tx="-255.000000" m_ty="-59.000000"/>
  </frame>
  <frame idx="750" w="564" h="130" x="-25.000000" y="-6.000000">
   <element name="titles" layername="titles" frame="11" z_index="10" m_a="2.000000" m_b="0.000000" m_c="0.000000" m_d="2.000000" m_tx="-255.000000" m_ty="-59.000000"/>
  </frame>
  <frame idx="775" w="564" h="130" x="-25.000000" y="-6.000000">
   <element name="titles" layername="titles" frame="11" z_index="10" m_a="2.000000" m_b="0.000000" m_c="0.000000" m_d="2.000000" m_tx="-255.000000" m_ty="-59.000000"/>
  </frame>
  <frame idx="800" w="564" h="130" x="-25.000000" y="-6.000000">
   <element name="titles" layername="titles" frame="11" z_index="10" m_a="2.000000" m_b="0.000000" m_c="0.000000" m_d="2.000000" m_tx="-255.000000" m_ty="-59.000000"/>
  </frame>
  <frame idx="825" w="564" h="130" x="-25.000000" y="-6.000000">
   <element name="titles" layername="titles" frame="11" z_index="10" m_a="2.000000" m_b="0.000000" m_c="0.000000" m_d="2.000000" m_tx="-255.000000" m_ty="-59.000000"/>
  </frame>
  <frame idx="850" w="564" h="130" x="-25.000000" y="-6.000000">
   <element name="titles" layername="titles" frame="11" z_index="10" m_a="2.000000" m_b="0.000000" m_c="0.000000" m_d="2.000000" m_tx="-255.000000" m_ty="-59.000000"/>
  </frame>
  <frame idx="875" w="564" h="130" x="-25.000000" y="-6.000000">
   <element name="titles" layername="titles" frame="11" z_index="10" m_a="2.000000" m_b="0.000000" m_c="0.000000" m_d="2.000000" m_tx="-255.000000" m_ty="-59.000000"/>
  </frame>
  <frame idx="900" w="564" h="130" x="-25.000000" y="-6.000000">
   <element name="titles" layername="titles" frame="11" z_index="10" m_a="2.000000" m_b="0.000000" m_c="0.000000" m_d="2.000000" m_tx="-255.000000" m_ty="-59.000000"/>
  </frame>
  <frame idx="925" w="564" h="130" x="-25.000000" y="-6.000000">
   <element name="titles" layername="titles" frame="11" z_index="10" m_a="2.000000" m_b="0.000000" m_c="0.000000" m_d="2.000000" m_tx="-255.000000" m_ty="-59.000000"/>
  </frame>
  <frame idx="950" w="564" h="130" x="-25.000000" y="-6.000000">
   <element name="titles" layername="titles" frame="11" z_index="10" m_a="2.000000" m_b="0.000000" m_c="0.000000" m_d="2.000000" m_tx="-255.000000" m_ty="-59.000000"/>
  </frame>
 </anim>
 <anim name="vip" root="titles_fx" numframes="975" framerate="40">
  <frame idx="0" w="564" h="135" x="-25.000000" y="-6.500099">
   <element name="titles" layername="titles" frame="12" z_index="10" m_a="2.000000" m_b="0.000000" m_c="0.000000" m_d="2.000000" m_tx="-255.000000" m_ty="-61.000099"/>
  </frame>
  <frame idx="25" w="564" h="135" x="-25.000000" y="-6.500099">
   <element name="titles" layername="titles" frame="12" z_index="10" m_a="2.000000" m_b="0.000000" m_c="0.000000" m_d="2.000000" m_tx="-255.000000" m_ty="-61.000099"/>
  </frame>
  <frame idx="50" w="564" h="135" x="-25.000000" y="-6.500099">
   <element name="titles" layername="titles" frame="12" z_index="10" m_a="2.000000" m_b="0.000000" m_c="0.000000" m_d="2.000000" m_tx="-255.000000" m_ty="-61.000099"/>
  </frame>
  <frame idx="75" w="564" h="135" x="-25.000000" y="-6.500099">
   <element name="titles" layername="titles" frame="12" z_index="10" m_a="2.000000" m_b="0.000000" m_c="0.000000" m_d="2.000000" m_tx="-255.000000" m_ty="-61.000099"/>
  </frame>
  <frame idx="100" w="564" h="135" x="-25.000000" y="-6.500099">
   <element name="titles" layername="titles" frame="12" z_index="10" m_a="2.000000" m_b="0.000000" m_c="0.000000" m_d="2.000000" m_tx="-255.000000" m_ty="-61.000099"/>
  </frame>
  <frame idx="125" w="564" h="135" x="-25.000000" y="-6.500099">
   <element name="titles" layername="titles" frame="12" z_index="10" m_a="2.000000" m_b="0.000000" m_c="0.000000" m_d="2.000000" m_tx="-255.000000" m_ty="-61.000099"/>
  </frame>
  <frame idx="150" w="564" h="135" x="-25.000000" y="-6.500099">
   <element name="titles" layername="titles" frame="12" z_index="10" m_a="2.000000" m_b="0.000000" m_c="0.000000" m_d="2.000000" m_tx="-255.000000" m_ty="-61.000099"/>
  </frame>
  <frame idx="175" w="564" h="135" x="-25.000000" y="-6.500099">
   <element name="titles" layername="titles" frame="12" z_index="10" m_a="2.000000" m_b="0.000000" m_c="0.000000" m_d="2.000000" m_tx="-255.000000" m_ty="-61.000099"/>
  </frame>
  <frame idx="200" w="564" h="135" x="-25.000000" y="-6.500099">
   <element name="titles" layername="titles" frame="12" z_index="10" m_a="2.000000" m_b="0.000000" m_c="0.000000" m_d="2.000000" m_tx="-255.000000" m_ty="-61.000099"/>
  </frame>
  <frame idx="225" w="564" h="135" x="-25.000000" y="-6.500099">
   <element name="titles" layername="titles" frame="12" z_index="10" m_a="2.000000" m_b="0.000000" m_c="0.000000" m_d="2.000000" m_tx="-255.000000" m_ty="-61.000099"/>
  </frame>
  <frame idx="250" w="564" h="135" x="-25.000000" y="-6.500099">
   <element name="titles" layername="titles" frame="12" z_index="10" m_a="2.000000" m_b="0.000000" m_c="0.000000" m_d="2.000000" m_tx="-255.000000" m_ty="-61.000099"/>
  </frame>
  <frame idx="275" w="564" h="135" x="-25.000000" y="-6.500099">
   <element name="titles" layername="titles" frame="12" z_index="10" m_a="2.000000" m_b="0.000000" m_c="0.000000" m_d="2.000000" m_tx="-255.000000" m_ty="-61.000099"/>
  </frame>
  <frame idx="300" w="564" h="135" x="-25.000000" y="-6.500099">
   <element name="titles" layername="titles" frame="12" z_index="10" m_a="2.000000" m_b="0.000000" m_c="0.000000" m_d="2.000000" m_tx="-255.000000" m_ty="-61.000099"/>
  </frame>
  <frame idx="325" w="564" h="135" x="-25.000000" y="-6.500099">
   <element name="titles" layername="titles" frame="12" z_index="10" m_a="2.000000" m_b="0.000000" m_c="0.000000" m_d="2.000000" m_tx="-255.000000" m_ty="-61.000099"/>
  </frame>
  <frame idx="350" w="564" h="135" x="-25.000000" y="-6.500099">
   <element name="titles" layername="titles" frame="12" z_index="10" m_a="2.000000" m_b="0.000000" m_c="0.000000" m_d="2.000000" m_tx="-255.000000" m_ty="-61.000099"/>
  </frame>
  <frame idx="375" w="564" h="135" x="-25.000000" y="-6.500099">
   <element name="titles" layername="titles" frame="12" z_index="10" m_a="2.000000" m_b="0.000000" m_c="0.000000" m_d="2.000000" m_tx="-255.000000" m_ty="-61.000099"/>
  </frame>
  <frame idx="400" w="564" h="135" x="-25.000000" y="-6.500099">
   <element name="titles" layername="titles" frame="12" z_index="10" m_a="2.000000" m_b="0.000000" m_c="0.000000" m_d="2.000000" m_tx="-255.000000" m_ty="-61.000099"/>
  </frame>
  <frame idx="425" w="564" h="135" x="-25.000000" y="-6.500099">
   <element name="titles" layername="titles" frame="12" z_index="10" m_a="2.000000" m_b="0.000000" m_c="0.000000" m_d="2.000000" m_tx="-255.000000" m_ty="-61.000099"/>
  </frame>
  <frame idx="450" w="564" h="135" x="-25.000000" y="-6.500099">
   <element name="titles" layername="titles" frame="12" z_index="10" m_a="2.000000" m_b="0.000000" m_c="0.000000" m_d="2.000000" m_tx="-255.000000" m_ty="-61.000099"/>
  </frame>
  <frame idx="475" w="564" h="135" x="-25.000000" y="-6.500099">
   <element name="titles" layername="titles" frame="12" z_index="10" m_a="2.000000" m_b="0.000000" m_c="0.000000" m_d="2.000000" m_tx="-255.000000" m_ty="-61.000099"/>
  </frame>
  <frame idx="500" w="564" h="135" x="-25.000000" y="-6.500099">
   <element name="titles" layername="titles" frame="12" z_index="10" m_a="2.000000" m_b="0.000000" m_c="0.000000" m_d="2.000000" m_tx="-255.000000" m_ty="-61.000099"/>
  </frame>
  <frame idx="525" w="564" h="135" x="-25.000000" y="-6.500099">
   <element name="titles" layername="titles" frame="12" z_index="10" m_a="2.000000" m_b="0.000000" m_c="0.000000" m_d="2.000000" m_tx="-255.000000" m_ty="-61.000099"/>
  </frame>
  <frame idx="550" w="564" h="135" x="-25.000000" y="-6.500099">
   <element name="titles" layername="titles" frame="12" z_index="10" m_a="2.000000" m_b="0.000000" m_c="0.000000" m_d="2.000000" m_tx="-255.000000" m_ty="-61.000099"/>
  </frame>
  <frame idx="575" w="564" h="135" x="-25.000000" y="-6.500099">
   <element name="titles" layername="titles" frame="12" z_index="10" m_a="2.000000" m_b="0.000000" m_c="0.000000" m_d="2.000000" m_tx="-255.000000" m_ty="-61.000099"/>
  </frame>
  <frame idx="600" w="564" h="135" x="-25.000000" y="-6.500099">
   <element name="titles" layername="titles" frame="12" z_index="10" m_a="2.000000" m_b="0.000000" m_c="0.000000" m_d="2.000000" m_tx="-255.000000" m_ty="-61.000099"/>
  </frame>
  <frame idx="625" w="564" h="135" x="-25.000000" y="-6.500099">
   <element name="titles" layername="titles" frame="12" z_index="10" m_a="2.000000" m_b="0.000000" m_c="0.000000" m_d="2.000000" m_tx="-255.000000" m_ty="-61.000099"/>
  </frame>
  <frame idx="650" w="564" h="135" x="-25.000000" y="-6.500099">
   <element name="titles" layername="titles" frame="12" z_index="10" m_a="2.000000" m_b="0.000000" m_c="0.000000" m_d="2.000000" m_tx="-255.000000" m_ty="-61.000099"/>
  </frame>
  <frame idx="675" w="564" h="135" x="-25.000000" y="-6.500099">
   <element name="titles" layername="titles" frame="12" z_index="10" m_a="2.000000" m_b="0.000000" m_c="0.000000" m_d="2.000000" m_tx="-255.000000" m_ty="-61.000099"/>
  </frame>
  <frame idx="700" w="564" h="135" x="-25.000000" y="-6.500099">
   <element name="titles" layername="titles" frame="12" z_index="10" m_a="2.000000" m_b="0.000000" m_c="0.000000" m_d="2.000000" m_tx="-255.000000" m_ty="-61.000099"/>
  </frame>
  <frame idx="725" w="564" h="135" x="-25.000000" y="-6.500099">
   <element name="titles" layername="titles" frame="12" z_index="10" m_a="2.000000" m_b="0.000000" m_c="0.000000" m_d="2.000000" m_tx="-255.000000" m_ty="-61.000099"/>
  </frame>
  <frame idx="750" w="564" h="135" x="-25.000000" y="-6.500099">
   <element name="titles" layername="titles" frame="12" z_index="10" m_a="2.000000" m_b="0.000000" m_c="0.000000" m_d="2.000000" m_tx="-255.000000" m_ty="-61.000099"/>
  </frame>
  <frame idx="775" w="564" h="135" x="-25.000000" y="-6.500099">
   <element name="titles" layername="titles" frame="12" z_index="10" m_a="2.000000" m_b="0.000000" m_c="0.000000" m_d="2.000000" m_tx="-255.000000" m_ty="-61.000099"/>
  </frame>
  <frame idx="800" w="564" h="135" x="-25.000000" y="-6.500099">
   <element name="titles" layername="titles" frame="12" z_index="10" m_a="2.000000" m_b="0.000000" m_c="0.000000" m_d="2.000000" m_tx="-255.000000" m_ty="-61.000099"/>
  </frame>
  <frame idx="825" w="564" h="135" x="-25.000000" y="-6.500099">
   <element name="titles" layername="titles" frame="12" z_index="10" m_a="2.000000" m_b="0.000000" m_c="0.000000" m_d="2.000000" m_tx="-255.000000" m_ty="-61.000099"/>
  </frame>
  <frame idx="850" w="564" h="135" x="-25.000000" y="-6.500099">
   <element name="titles" layername="titles" frame="12" z_index="10" m_a="2.000000" m_b="0.000000" m_c="0.000000" m_d="2.000000" m_tx="-255.000000" m_ty="-61.000099"/>
  </frame>
  <frame idx="875" w="564" h="135" x="-25.000000" y="-6.500099">
   <element name="titles" layername="titles" frame="12" z_index="10" m_a="2.000000" m_b="0.000000" m_c="0.000000" m_d="2.000000" m_tx="-255.000000" m_ty="-61.000099"/>
  </frame>
  <frame idx="900" w="564" h="135" x="-25.000000" y="-6.500099">
   <element name="titles" layername="titles" frame="12" z_index="10" m_a="2.000000" m_b="0.000000" m_c="0.000000" m_d="2.000000" m_tx="-255.000000" m_ty="-61.000099"/>
  </frame>
  <frame idx="925" w="564" h="135" x="-25.000000" y="-6.500099">
   <element name="titles" layername="titles" frame="12" z_index="10" m_a="2.000000" m_b="0.000000" m_c="0.000000" m_d="2.000000" m_tx="-255.000000" m_ty="-61.000099"/>
  </frame>
  <frame idx="950" w="564" h="135" x="-25.000000" y="-6.500099">
   <element name="titles" layername="titles" frame="12" z_index="10" m_a="2.000000" m_b="0.000000" m_c="0.000000" m_d="2.000000" m_tx="-255.000000" m_ty="-61.000099"/>
  </frame>
 </anim>
 <anim name="foodexpert" root="titles_fx" numframes="975" framerate="40">
  <frame idx="0" w="564" h="141" x="-24.746002" y="-5.157902">
   <element name="titles" layername="titles" frame="2" z_index="10" m_a="2.000000" m_b="0.000000" m_c="0.000000" m_d="2.000000" m_tx="-254.746002" m_ty="-62.657902"/>
  </frame>
  <frame idx="25" w="564" h="141" x="-24.746002" y="-5.157902">
   <element name="titles" layername="titles" frame="2" z_index="10" m_a="2.000000" m_b="0.000000" m_c="0.000000" m_d="2.000000" m_tx="-254.746002" m_ty="-62.657902"/>
  </frame>
  <frame idx="50" w="564" h="141" x="-24.746002" y="-5.157902">
   <element name="titles" layername="titles" frame="2" z_index="10" m_a="2.000000" m_b="0.000000" m_c="0.000000" m_d="2.000000" m_tx="-254.746002" m_ty="-62.657902"/>
  </frame>
  <frame idx="75" w="564" h="141" x="-24.746002" y="-5.157902">
   <element name="titles" layername="titles" frame="2" z_index="10" m_a="2.000000" m_b="0.000000" m_c="0.000000" m_d="2.000000" m_tx="-254.746002" m_ty="-62.657902"/>
  </frame>
  <frame idx="100" w="564" h="141" x="-24.746002" y="-5.157902">
   <element name="titles" layername="titles" frame="2" z_index="10" m_a="2.000000" m_b="0.000000" m_c="0.000000" m_d="2.000000" m_tx="-254.746002" m_ty="-62.657902"/>
  </frame>
  <frame idx="125" w="564" h="141" x="-24.746002" y="-5.157902">
   <element name="titles" layername="titles" frame="2" z_index="10" m_a="2.000000" m_b="0.000000" m_c="0.000000" m_d="2.000000" m_tx="-254.746002" m_ty="-62.657902"/>
  </frame>
  <frame idx="150" w="564" h="141" x="-24.746002" y="-5.157902">
   <element name="titles" layername="titles" frame="2" z_index="10" m_a="2.000000" m_b="0.000000" m_c="0.000000" m_d="2.000000" m_tx="-254.746002" m_ty="-62.657902"/>
  </frame>
  <frame idx="175" w="564" h="141" x="-24.746002" y="-5.157902">
   <element name="titles" layername="titles" frame="2" z_index="10" m_a="2.000000" m_b="0.000000" m_c="0.000000" m_d="2.000000" m_tx="-254.746002" m_ty="-62.657902"/>
  </frame>
  <frame idx="200" w="564" h="141" x="-24.746002" y="-5.157902">
   <element name="titles" layername="titles" frame="2" z_index="10" m_a="2.000000" m_b="0.000000" m_c="0.000000" m_d="2.000000" m_tx="-254.746002" m_ty="-62.657902"/>
  </frame>
  <frame idx="225" w="564" h="141" x="-24.746002" y="-5.157902">
   <element name="titles" layername="titles" frame="2" z_index="10" m_a="2.000000" m_b="0.000000" m_c="0.000000" m_d="2.000000" m_tx="-254.746002" m_ty="-62.657902"/>
  </frame>
  <frame idx="250" w="564" h="141" x="-24.746002" y="-5.157902">
   <element name="titles" layername="titles" frame="2" z_index="10" m_a="2.000000" m_b="0.000000" m_c="0.000000" m_d="2.000000" m_tx="-254.746002" m_ty="-62.657902"/>
  </frame>
  <frame idx="275" w="564" h="141" x="-24.746002" y="-5.157902">
   <element name="titles" layername="titles" frame="2" z_index="10" m_a="2.000000" m_b="0.000000" m_c="0.000000" m_d="2.000000" m_tx="-254.746002" m_ty="-62.657902"/>
  </frame>
  <frame idx="300" w="564" h="141" x="-24.746002" y="-5.157902">
   <element name="titles" layername="titles" frame="2" z_index="10" m_a="2.000000" m_b="0.000000" m_c="0.000000" m_d="2.000000" m_tx="-254.746002" m_ty="-62.657902"/>
  </frame>
  <frame idx="325" w="564" h="141" x="-24.746002" y="-5.157902">
   <element name="titles" layername="titles" frame="2" z_index="10" m_a="2.000000" m_b="0.000000" m_c="0.000000" m_d="2.000000" m_tx="-254.746002" m_ty="-62.657902"/>
  </frame>
  <frame idx="350" w="564" h="141" x="-24.746002" y="-5.157902">
   <element name="titles" layername="titles" frame="2" z_index="10" m_a="2.000000" m_b="0.000000" m_c="0.000000" m_d="2.000000" m_tx="-254.746002" m_ty="-62.657902"/>
  </frame>
  <frame idx="375" w="564" h="141" x="-24.746002" y="-5.157902">
   <element name="titles" layername="titles" frame="2" z_index="10" m_a="2.000000" m_b="0.000000" m_c="0.000000" m_d="2.000000" m_tx="-254.746002" m_ty="-62.657902"/>
  </frame>
  <frame idx="400" w="564" h="141" x="-24.746002" y="-5.157902">
   <element name="titles" layername="titles" frame="2" z_index="10" m_a="2.000000" m_b="0.000000" m_c="0.000000" m_d="2.000000" m_tx="-254.746002" m_ty="-62.657902"/>
  </frame>
  <frame idx="425" w="564" h="141" x="-24.746002" y="-5.157902">
   <element name="titles" layername="titles" frame="2" z_index="10" m_a="2.000000" m_b="0.000000" m_c="0.000000" m_d="2.000000" m_tx="-254.746002" m_ty="-62.657902"/>
  </frame>
  <frame idx="450" w="564" h="141" x="-24.746002" y="-5.157902">
   <element name="titles" layername="titles" frame="2" z_index="10" m_a="2.000000" m_b="0.000000" m_c="0.000000" m_d="2.000000" m_tx="-254.746002" m_ty="-62.657902"/>
  </frame>
  <frame idx="475" w="564" h="141" x="-24.746002" y="-5.157902">
   <element name="titles" layername="titles" frame="2" z_index="10" m_a="2.000000" m_b="0.000000" m_c="0.000000" m_d="2.000000" m_tx="-254.746002" m_ty="-62.657902"/>
  </frame>
  <frame idx="500" w="564" h="141" x="-24.746002" y="-5.157902">
   <element name="titles" layername="titles" frame="2" z_index="10" m_a="2.000000" m_b="0.000000" m_c="0.000000" m_d="2.000000" m_tx="-254.746002" m_ty="-62.657902"/>
  </frame>
  <frame idx="525" w="564" h="141" x="-24.746002" y="-5.157902">
   <element name="titles" layername="titles" frame="2" z_index="10" m_a="2.000000" m_b="0.000000" m_c="0.000000" m_d="2.000000" m_tx="-254.746002" m_ty="-62.657902"/>
  </frame>
  <frame idx="550" w="564" h="141" x="-24.746002" y="-5.157902">
   <element name="titles" layername="titles" frame="2" z_index="10" m_a="2.000000" m_b="0.000000" m_c="0.000000" m_d="2.000000" m_tx="-254.746002" m_ty="-62.657902"/>
  </frame>
  <frame idx="575" w="564" h="141" x="-24.746002" y="-5.157902">
   <element name="titles" layername="titles" frame="2" z_index="10" m_a="2.000000" m_b="0.000000" m_c="0.000000" m_d="2.000000" m_tx="-254.746002" m_ty="-62.657902"/>
  </frame>
  <frame idx="600" w="564" h="141" x="-24.746002" y="-5.157902">
   <element name="titles" layername="titles" frame="2" z_index="10" m_a="2.000000" m_b="0.000000" m_c="0.000000" m_d="2.000000" m_tx="-254.746002" m_ty="-62.657902"/>
  </frame>
  <frame idx="625" w="564" h="141" x="-24.746002" y="-5.157902">
   <element name="titles" layername="titles" frame="2" z_index="10" m_a="2.000000" m_b="0.000000" m_c="0.000000" m_d="2.000000" m_tx="-254.746002" m_ty="-62.657902"/>
  </frame>
  <frame idx="650" w="564" h="141" x="-24.746002" y="-5.157902">
   <element name="titles" layername="titles" frame="2" z_index="10" m_a="2.000000" m_b="0.000000" m_c="0.000000" m_d="2.000000" m_tx="-254.746002" m_ty="-62.657902"/>
  </frame>
  <frame idx="675" w="564" h="141" x="-24.746002" y="-5.157902">
   <element name="titles" layername="titles" frame="2" z_index="10" m_a="2.000000" m_b="0.000000" m_c="0.000000" m_d="2.000000" m_tx="-254.746002" m_ty="-62.657902"/>
  </frame>
  <frame idx="700" w="564" h="141" x="-24.746002" y="-5.157902">
   <element name="titles" layername="titles" frame="2" z_index="10" m_a="2.000000" m_b="0.000000" m_c="0.000000" m_d="2.000000" m_tx="-254.746002" m_ty="-62.657902"/>
  </frame>
  <frame idx="725" w="564" h="141" x="-24.746002" y="-5.157902">
   <element name="titles" layername="titles" frame="2" z_index="10" m_a="2.000000" m_b="0.000000" m_c="0.000000" m_d="2.000000" m_tx="-254.746002" m_ty="-62.657902"/>
  </frame>
  <frame idx="750" w="564" h="141" x="-24.746002" y="-5.157902">
   <element name="titles" layername="titles" frame="2" z_index="10" m_a="2.000000" m_b="0.000000" m_c="0.000000" m_d="2.000000" m_tx="-254.746002" m_ty="-62.657902"/>
  </frame>
  <frame idx="775" w="564" h="141" x="-24.746002" y="-5.157902">
   <element name="titles" layername="titles" frame="2" z_index="10" m_a="2.000000" m_b="0.000000" m_c="0.000000" m_d="2.000000" m_tx="-254.746002" m_ty="-62.657902"/>
  </frame>
  <frame idx="800" w="564" h="141" x="-24.746002" y="-5.157902">
   <element name="titles" layername="titles" frame="2" z_index="10" m_a="2.000000" m_b="0.000000" m_c="0.000000" m_d="2.000000" m_tx="-254.746002" m_ty="-62.657902"/>
  </frame>
  <frame idx="825" w="564" h="141" x="-24.746002" y="-5.157902">
   <element name="titles" layername="titles" frame="2" z_index="10" m_a="2.000000" m_b="0.000000" m_c="0.000000" m_d="2.000000" m_tx="-254.746002" m_ty="-62.657902"/>
  </frame>
  <frame idx="850" w="564" h="141" x="-24.746002" y="-5.157902">
   <element name="titles" layername="titles" frame="2" z_index="10" m_a="2.000000" m_b="0.000000" m_c="0.000000" m_d="2.000000" m_tx="-254.746002" m_ty="-62.657902"/>
  </frame>
  <frame idx="875" w="564" h="141" x="-24.746002" y="-5.157902">
   <element name="titles" layername="titles" frame="2" z_index="10" m_a="2.000000" m_b="0.000000" m_c="0.000000" m_d="2.000000" m_tx="-254.746002" m_ty="-62.657902"/>
  </frame>
  <frame idx="900" w="564" h="141" x="-24.746002" y="-5.157902">
   <element name="titles" layername="titles" frame="2" z_index="10" m_a="2.000000" m_b="0.000000" m_c="0.000000" m_d="2.000000" m_tx="-254.746002" m_ty="-62.657902"/>
  </frame>
  <frame idx="925" w="564" h="141" x="-24.746002" y="-5.157902">
   <element name="titles" layername="titles" frame="2" z_index="10" m_a="2.000000" m_b="0.000000" m_c="0.000000" m_d="2.000000" m_tx="-254.746002" m_ty="-62.657902"/>
  </frame>
  <frame idx="950" w="564" h="141" x="-24.746002" y="-5.157902">
   <element name="titles" layername="titles" frame="2" z_index="10" m_a="2.000000" m_b="0.000000" m_c="0.000000" m_d="2.000000" m_tx="-254.746002" m_ty="-62.657902"/>
  </frame>
 </anim>
 <anim name="cleverhands" root="titles_fx" numframes="975" framerate="40">
  <frame idx="0" w="564" h="135" x="-26.204987" y="-6.428501">
   <element name="titles" layername="titles" frame="3" z_index="10" m_a="2.000000" m_b="0.000000" m_c="0.000000" m_d="2.000000" m_tx="-256.204987" m_ty="-60.928501"/>
  </frame>
  <frame idx="25" w="564" h="135" x="-26.204987" y="-6.428501">
   <element name="titles" layername="titles" frame="3" z_index="10" m_a="2.000000" m_b="0.000000" m_c="0.000000" m_d="2.000000" m_tx="-256.204987" m_ty="-60.928501"/>
  </frame>
  <frame idx="50" w="564" h="135" x="-26.204987" y="-6.428501">
   <element name="titles" layername="titles" frame="3" z_index="10" m_a="2.000000" m_b="0.000000" m_c="0.000000" m_d="2.000000" m_tx="-256.204987" m_ty="-60.928501"/>
  </frame>
  <frame idx="75" w="564" h="135" x="-26.204987" y="-6.428501">
   <element name="titles" layername="titles" frame="3" z_index="10" m_a="2.000000" m_b="0.000000" m_c="0.000000" m_d="2.000000" m_tx="-256.204987" m_ty="-60.928501"/>
  </frame>
  <frame idx="100" w="564" h="135" x="-26.204987" y="-6.428501">
   <element name="titles" layername="titles" frame="3" z_index="10" m_a="2.000000" m_b="0.000000" m_c="0.000000" m_d="2.000000" m_tx="-256.204987" m_ty="-60.928501"/>
  </frame>
  <frame idx="125" w="564" h="135" x="-26.204987" y="-6.428501">
   <element name="titles" layername="titles" frame="3" z_index="10" m_a="2.000000" m_b="0.000000" m_c="0.000000" m_d="2.000000" m_tx="-256.204987" m_ty="-60.928501"/>
  </frame>
  <frame idx="150" w="564" h="135" x="-26.204987" y="-6.428501">
   <element name="titles" layername="titles" frame="3" z_index="10" m_a="2.000000" m_b="0.000000" m_c="0.000000" m_d="2.000000" m_tx="-256.204987" m_ty="-60.928501"/>
  </frame>
  <frame idx="175" w="564" h="135" x="-26.204987" y="-6.428501">
   <element name="titles" layername="titles" frame="3" z_index="10" m_a="2.000000" m_b="0.000000" m_c="0.000000" m_d="2.000000" m_tx="-256.204987" m_ty="-60.928501"/>
  </frame>
  <frame idx="200" w="564" h="135" x="-26.204987" y="-6.428501">
   <element name="titles" layername="titles" frame="3" z_index="10" m_a="2.000000" m_b="0.000000" m_c="0.000000" m_d="2.000000" m_tx="-256.204987" m_ty="-60.928501"/>
  </frame>
  <frame idx="225" w="564" h="135" x="-26.204987" y="-6.428501">
   <element name="titles" layername="titles" frame="3" z_index="10" m_a="2.000000" m_b="0.000000" m_c="0.000000" m_d="2.000000" m_tx="-256.204987" m_ty="-60.928501"/>
  </frame>
  <frame idx="250" w="564" h="135" x="-26.204987" y="-6.428501">
   <element name="titles" layername="titles" frame="3" z_index="10" m_a="2.000000" m_b="0.000000" m_c="0.000000" m_d="2.000000" m_tx="-256.204987" m_ty="-60.928501"/>
  </frame>
  <frame idx="275" w="564" h="135" x="-26.204987" y="-6.428501">
   <element name="titles" layername="titles" frame="3" z_index="10" m_a="2.000000" m_b="0.000000" m_c="0.000000" m_d="2.000000" m_tx="-256.204987" m_ty="-60.928501"/>
  </frame>
  <frame idx="300" w="564" h="135" x="-26.204987" y="-6.428501">
   <element name="titles" layername="titles" frame="3" z_index="10" m_a="2.000000" m_b="0.000000" m_c="0.000000" m_d="2.000000" m_tx="-256.204987" m_ty="-60.928501"/>
  </frame>
  <frame idx="325" w="564" h="135" x="-26.204987" y="-6.428501">
   <element name="titles" layername="titles" frame="3" z_index="10" m_a="2.000000" m_b="0.000000" m_c="0.000000" m_d="2.000000" m_tx="-256.204987" m_ty="-60.928501"/>
  </frame>
  <frame idx="350" w="564" h="135" x="-26.204987" y="-6.428501">
   <element name="titles" layername="titles" frame="3" z_index="10" m_a="2.000000" m_b="0.000000" m_c="0.000000" m_d="2.000000" m_tx="-256.204987" m_ty="-60.928501"/>
  </frame>
  <frame idx="375" w="564" h="135" x="-26.204987" y="-6.428501">
   <element name="titles" layername="titles" frame="3" z_index="10" m_a="2.000000" m_b="0.000000" m_c="0.000000" m_d="2.000000" m_tx="-256.204987" m_ty="-60.928501"/>
  </frame>
  <frame idx="400" w="564" h="135" x="-26.204987" y="-6.428501">
   <element name="titles" layername="titles" frame="3" z_index="10" m_a="2.000000" m_b="0.000000" m_c="0.000000" m_d="2.000000" m_tx="-256.204987" m_ty="-60.928501"/>
  </frame>
  <frame idx="425" w="564" h="135" x="-26.204987" y="-6.428501">
   <element name="titles" layername="titles" frame="3" z_index="10" m_a="2.000000" m_b="0.000000" m_c="0.000000" m_d="2.000000" m_tx="-256.204987" m_ty="-60.928501"/>
  </frame>
  <frame idx="450" w="564" h="135" x="-26.204987" y="-6.428501">
   <element name="titles" layername="titles" frame="3" z_index="10" m_a="2.000000" m_b="0.000000" m_c="0.000000" m_d="2.000000" m_tx="-256.204987" m_ty="-60.928501"/>
  </frame>
  <frame idx="475" w="564" h="135" x="-26.204987" y="-6.428501">
   <element name="titles" layername="titles" frame="3" z_index="10" m_a="2.000000" m_b="0.000000" m_c="0.000000" m_d="2.000000" m_tx="-256.204987" m_ty="-60.928501"/>
  </frame>
  <frame idx="500" w="564" h="135" x="-26.204987" y="-6.428501">
   <element name="titles" layername="titles" frame="3" z_index="10" m_a="2.000000" m_b="0.000000" m_c="0.000000" m_d="2.000000" m_tx="-256.204987" m_ty="-60.928501"/>
  </frame>
  <frame idx="525" w="564" h="135" x="-26.204987" y="-6.428501">
   <element name="titles" layername="titles" frame="3" z_index="10" m_a="2.000000" m_b="0.000000" m_c="0.000000" m_d="2.000000" m_tx="-256.204987" m_ty="-60.928501"/>
  </frame>
  <frame idx="550" w="564" h="135" x="-26.204987" y="-6.428501">
   <element name="titles" layername="titles" frame="3" z_index="10" m_a="2.000000" m_b="0.000000" m_c="0.000000" m_d="2.000000" m_tx="-256.204987" m_ty="-60.928501"/>
  </frame>
  <frame idx="575" w="564" h="135" x="-26.204987" y="-6.428501">
   <element name="titles" layername="titles" frame="3" z_index="10" m_a="2.000000" m_b="0.000000" m_c="0.000000" m_d="2.000000" m_tx="-256.204987" m_ty="-60.928501"/>
  </frame>
  <frame idx="600" w="564" h="135" x="-26.204987" y="-6.428501">
   <element name="titles" layername="titles" frame="3" z_index="10" m_a="2.000000" m_b="0.000000" m_c="0.000000" m_d="2.000000" m_tx="-256.204987" m_ty="-60.928501"/>
  </frame>
  <frame idx="625" w="564" h="135" x="-26.204987" y="-6.428501">
   <element name="titles" layername="titles" frame="3" z_index="10" m_a="2.000000" m_b="0.000000" m_c="0.000000" m_d="2.000000" m_tx="-256.204987" m_ty="-60.928501"/>
  </frame>
  <frame idx="650" w="564" h="135" x="-26.204987" y="-6.428501">
   <element name="titles" layername="titles" frame="3" z_index="10" m_a="2.000000" m_b="0.000000" m_c="0.000000" m_d="2.000000" m_tx="-256.204987" m_ty="-60.928501"/>
  </frame>
  <frame idx="675" w="564" h="135" x="-26.204987" y="-6.428501">
   <element name="titles" layername="titles" frame="3" z_index="10" m_a="2.000000" m_b="0.000000" m_c="0.000000" m_d="2.000000" m_tx="-256.204987" m_ty="-60.928501"/>
  </frame>
  <frame idx="700" w="564" h="135" x="-26.204987" y="-6.428501">
   <element name="titles" layername="titles" frame="3" z_index="10" m_a="2.000000" m_b="0.000000" m_c="0.000000" m_d="2.000000" m_tx="-256.204987" m_ty="-60.928501"/>
  </frame>
  <frame idx="725" w="564" h="135" x="-26.204987" y="-6.428501">
   <element name="titles" layername="titles" frame="3" z_index="10" m_a="2.000000" m_b="0.000000" m_c="0.000000" m_d="2.000000" m_tx="-256.204987" m_ty="-60.928501"/>
  </frame>
  <frame idx="750" w="564" h="135" x="-26.204987" y="-6.428501">
   <element name="titles" layername="titles" frame="3" z_index="10" m_a="2.000000" m_b="0.000000" m_c="0.000000" m_d="2.000000" m_tx="-256.204987" m_ty="-60.928501"/>
  </frame>
  <frame idx="775" w="564" h="135" x="-26.204987" y="-6.428501">
   <element name="titles" layername="titles" frame="3" z_index="10" m_a="2.000000" m_b="0.000000" m_c="0.000000" m_d="2.000000" m_tx="-256.204987" m_ty="-60.928501"/>
  </frame>
  <frame idx="800" w="564" h="135" x="-26.204987" y="-6.428501">
   <element name="titles" layername="titles" frame="3" z_index="10" m_a="2.000000" m_b="0.000000" m_c="0.000000" m_d="2.000000" m_tx="-256.204987" m_ty="-60.928501"/>
  </frame>
  <frame idx="825" w="564" h="135" x="-26.204987" y="-6.428501">
   <element name="titles" layername="titles" frame="3" z_index="10" m_a="2.000000" m_b="0.000000" m_c="0.000000" m_d="2.000000" m_tx="-256.204987" m_ty="-60.928501"/>
  </frame>
  <frame idx="850" w="564" h="135" x="-26.204987" y="-6.428501">
   <element name="titles" layername="titles" frame="3" z_index="10" m_a="2.000000" m_b="0.000000" m_c="0.000000" m_d="2.000000" m_tx="-256.204987" m_ty="-60.928501"/>
  </frame>
  <frame idx="875" w="564" h="135" x="-26.204987" y="-6.428501">
   <element name="titles" layername="titles" frame="3" z_index="10" m_a="2.000000" m_b="0.000000" m_c="0.000000" m_d="2.000000" m_tx="-256.204987" m_ty="-60.928501"/>
  </frame>
  <frame idx="900" w="564" h="135" x="-26.204987" y="-6.428501">
   <element name="titles" layername="titles" frame="3" z_index="10" m_a="2.000000" m_b="0.000000" m_c="0.000000" m_d="2.000000" m_tx="-256.204987" m_ty="-60.928501"/>
  </frame>
  <frame idx="925" w="564" h="135" x="-26.204987" y="-6.428501">
   <element name="titles" layername="titles" frame="3" z_index="10" m_a="2.000000" m_b="0.000000" m_c="0.000000" m_d="2.000000" m_tx="-256.204987" m_ty="-60.928501"/>
  </frame>
  <frame idx="950" w="564" h="135" x="-26.204987" y="-6.428501">
   <element name="titles" layername="titles" frame="3" z_index="10" m_a="2.000000" m_b="0.000000" m_c="0.000000" m_d="2.000000" m_tx="-256.204987" m_ty="-60.928501"/>
  </frame>
 </anim>
 <anim name="killingheart" root="titles_fx" numframes="975" framerate="40">
  <frame idx="0" w="564" h="165" x="-26.992004" y="-7.440697">
   <element name="titles" layername="titles" frame="4" z_index="10" m_a="2.000000" m_b="0.000000" m_c="0.000000" m_d="2.000000" m_tx="-256.992004" m_ty="-74.940697"/>
  </frame>
  <frame idx="25" w="564" h="165" x="-26.992004" y="-7.440697">
   <element name="titles" layername="titles" frame="4" z_index="10" m_a="2.000000" m_b="0.000000" m_c="0.000000" m_d="2.000000" m_tx="-256.992004" m_ty="-74.940697"/>
  </frame>
  <frame idx="50" w="564" h="165" x="-26.992004" y="-7.440697">
   <element name="titles" layername="titles" frame="4" z_index="10" m_a="2.000000" m_b="0.000000" m_c="0.000000" m_d="2.000000" m_tx="-256.992004" m_ty="-74.940697"/>
  </frame>
  <frame idx="75" w="564" h="165" x="-26.992004" y="-7.440697">
   <element name="titles" layername="titles" frame="4" z_index="10" m_a="2.000000" m_b="0.000000" m_c="0.000000" m_d="2.000000" m_tx="-256.992004" m_ty="-74.940697"/>
  </frame>
  <frame idx="100" w="564" h="165" x="-26.992004" y="-7.440697">
   <element name="titles" layername="titles" frame="4" z_index="10" m_a="2.000000" m_b="0.000000" m_c="0.000000" m_d="2.000000" m_tx="-256.992004" m_ty="-74.940697"/>
  </frame>
  <frame idx="125" w="564" h="165" x="-26.992004" y="-7.440697">
   <element name="titles" layername="titles" frame="4" z_index="10" m_a="2.000000" m_b="0.000000" m_c="0.000000" m_d="2.000000" m_tx="-256.992004" m_ty="-74.940697"/>
  </frame>
  <frame idx="150" w="564" h="165" x="-26.992004" y="-7.440697">
   <element name="titles" layername="titles" frame="4" z_index="10" m_a="2.000000" m_b="0.000000" m_c="0.000000" m_d="2.000000" m_tx="-256.992004" m_ty="-74.940697"/>
  </frame>
  <frame idx="175" w="564" h="165" x="-26.992004" y="-7.440697">
   <element name="titles" layername="titles" frame="4" z_index="10" m_a="2.000000" m_b="0.000000" m_c="0.000000" m_d="2.000000" m_tx="-256.992004" m_ty="-74.940697"/>
  </frame>
  <frame idx="200" w="564" h="165" x="-26.992004" y="-7.440697">
   <element name="titles" layername="titles" frame="4" z_index="10" m_a="2.000000" m_b="0.000000" m_c="0.000000" m_d="2.000000" m_tx="-256.992004" m_ty="-74.940697"/>
  </frame>
  <frame idx="225" w="564" h="165" x="-26.992004" y="-7.440697">
   <element name="titles" layername="titles" frame="4" z_index="10" m_a="2.000000" m_b="0.000000" m_c="0.000000" m_d="2.000000" m_tx="-256.992004" m_ty="-74.940697"/>
  </frame>
  <frame idx="250" w="564" h="165" x="-26.992004" y="-7.440697">
   <element name="titles" layername="titles" frame="4" z_index="10" m_a="2.000000" m_b="0.000000" m_c="0.000000" m_d="2.000000" m_tx="-256.992004" m_ty="-74.940697"/>
  </frame>
  <frame idx="275" w="564" h="165" x="-26.992004" y="-7.440697">
   <element name="titles" layername="titles" frame="4" z_index="10" m_a="2.000000" m_b="0.000000" m_c="0.000000" m_d="2.000000" m_tx="-256.992004" m_ty="-74.940697"/>
  </frame>
  <frame idx="300" w="564" h="165" x="-26.992004" y="-7.440697">
   <element name="titles" layername="titles" frame="4" z_index="10" m_a="2.000000" m_b="0.000000" m_c="0.000000" m_d="2.000000" m_tx="-256.992004" m_ty="-74.940697"/>
  </frame>
  <frame idx="325" w="564" h="165" x="-26.992004" y="-7.440697">
   <element name="titles" layername="titles" frame="4" z_index="10" m_a="2.000000" m_b="0.000000" m_c="0.000000" m_d="2.000000" m_tx="-256.992004" m_ty="-74.940697"/>
  </frame>
  <frame idx="350" w="564" h="165" x="-26.992004" y="-7.440697">
   <element name="titles" layername="titles" frame="4" z_index="10" m_a="2.000000" m_b="0.000000" m_c="0.000000" m_d="2.000000" m_tx="-256.992004" m_ty="-74.940697"/>
  </frame>
  <frame idx="375" w="564" h="165" x="-26.992004" y="-7.440697">
   <element name="titles" layername="titles" frame="4" z_index="10" m_a="2.000000" m_b="0.000000" m_c="0.000000" m_d="2.000000" m_tx="-256.992004" m_ty="-74.940697"/>
  </frame>
  <frame idx="400" w="564" h="165" x="-26.992004" y="-7.440697">
   <element name="titles" layername="titles" frame="4" z_index="10" m_a="2.000000" m_b="0.000000" m_c="0.000000" m_d="2.000000" m_tx="-256.992004" m_ty="-74.940697"/>
  </frame>
  <frame idx="425" w="564" h="165" x="-26.992004" y="-7.440697">
   <element name="titles" layername="titles" frame="4" z_index="10" m_a="2.000000" m_b="0.000000" m_c="0.000000" m_d="2.000000" m_tx="-256.992004" m_ty="-74.940697"/>
  </frame>
  <frame idx="450" w="564" h="165" x="-26.992004" y="-7.440697">
   <element name="titles" layername="titles" frame="4" z_index="10" m_a="2.000000" m_b="0.000000" m_c="0.000000" m_d="2.000000" m_tx="-256.992004" m_ty="-74.940697"/>
  </frame>
  <frame idx="475" w="564" h="165" x="-26.992004" y="-7.440697">
   <element name="titles" layername="titles" frame="4" z_index="10" m_a="2.000000" m_b="0.000000" m_c="0.000000" m_d="2.000000" m_tx="-256.992004" m_ty="-74.940697"/>
  </frame>
  <frame idx="500" w="564" h="165" x="-26.992004" y="-7.440697">
   <element name="titles" layername="titles" frame="4" z_index="10" m_a="2.000000" m_b="0.000000" m_c="0.000000" m_d="2.000000" m_tx="-256.992004" m_ty="-74.940697"/>
  </frame>
  <frame idx="525" w="564" h="165" x="-26.992004" y="-7.440697">
   <element name="titles" layername="titles" frame="4" z_index="10" m_a="2.000000" m_b="0.000000" m_c="0.000000" m_d="2.000000" m_tx="-256.992004" m_ty="-74.940697"/>
  </frame>
  <frame idx="550" w="564" h="165" x="-26.992004" y="-7.440697">
   <element name="titles" layername="titles" frame="4" z_index="10" m_a="2.000000" m_b="0.000000" m_c="0.000000" m_d="2.000000" m_tx="-256.992004" m_ty="-74.940697"/>
  </frame>
  <frame idx="575" w="564" h="165" x="-26.992004" y="-7.440697">
   <element name="titles" layername="titles" frame="4" z_index="10" m_a="2.000000" m_b="0.000000" m_c="0.000000" m_d="2.000000" m_tx="-256.992004" m_ty="-74.940697"/>
  </frame>
  <frame idx="600" w="564" h="165" x="-26.992004" y="-7.440697">
   <element name="titles" layername="titles" frame="4" z_index="10" m_a="2.000000" m_b="0.000000" m_c="0.000000" m_d="2.000000" m_tx="-256.992004" m_ty="-74.940697"/>
  </frame>
  <frame idx="625" w="564" h="165" x="-26.992004" y="-7.440697">
   <element name="titles" layername="titles" frame="4" z_index="10" m_a="2.000000" m_b="0.000000" m_c="0.000000" m_d="2.000000" m_tx="-256.992004" m_ty="-74.940697"/>
  </frame>
  <frame idx="650" w="564" h="165" x="-26.992004" y="-7.440697">
   <element name="titles" layername="titles" frame="4" z_index="10" m_a="2.000000" m_b="0.000000" m_c="0.000000" m_d="2.000000" m_tx="-256.992004" m_ty="-74.940697"/>
  </frame>
  <frame idx="675" w="564" h="165" x="-26.992004" y="-7.440697">
   <element name="titles" layername="titles" frame="4" z_index="10" m_a="2.000000" m_b="0.000000" m_c="0.000000" m_d="2.000000" m_tx="-256.992004" m_ty="-74.940697"/>
  </frame>
  <frame idx="700" w="564" h="165" x="-26.992004" y="-7.440697">
   <element name="titles" layername="titles" frame="4" z_index="10" m_a="2.000000" m_b="0.000000" m_c="0.000000" m_d="2.000000" m_tx="-256.992004" m_ty="-74.940697"/>
  </frame>
  <frame idx="725" w="564" h="165" x="-26.992004" y="-7.440697">
   <element name="titles" layername="titles" frame="4" z_index="10" m_a="2.000000" m_b="0.000000" m_c="0.000000" m_d="2.000000" m_tx="-256.992004" m_ty="-74.940697"/>
  </frame>
  <frame idx="750" w="564" h="165" x="-26.992004" y="-7.440697">
   <element name="titles" layername="titles" frame="4" z_index="10" m_a="2.000000" m_b="0.000000" m_c="0.000000" m_d="2.000000" m_tx="-256.992004" m_ty="-74.940697"/>
  </frame>
  <frame idx="775" w="564" h="165" x="-26.992004" y="-7.440697">
   <element name="titles" layername="titles" frame="4" z_index="10" m_a="2.000000" m_b="0.000000" m_c="0.000000" m_d="2.000000" m_tx="-256.992004" m_ty="-74.940697"/>
  </frame>
  <frame idx="800" w="564" h="165" x="-26.992004" y="-7.440697">
   <element name="titles" layername="titles" frame="4" z_index="10" m_a="2.000000" m_b="0.000000" m_c="0.000000" m_d="2.000000" m_tx="-256.992004" m_ty="-74.940697"/>
  </frame>
  <frame idx="825" w="564" h="165" x="-26.992004" y="-7.440697">
   <element name="titles" layername="titles" frame="4" z_index="10" m_a="2.000000" m_b="0.000000" m_c="0.000000" m_d="2.000000" m_tx="-256.992004" m_ty="-74.940697"/>
  </frame>
  <frame idx="850" w="564" h="165" x="-26.992004" y="-7.440697">
   <element name="titles" layername="titles" frame="4" z_index="10" m_a="2.000000" m_b="0.000000" m_c="0.000000" m_d="2.000000" m_tx="-256.992004" m_ty="-74.940697"/>
  </frame>
  <frame idx="875" w="564" h="165" x="-26.992004" y="-7.440697">
   <element name="titles" layername="titles" frame="4" z_index="10" m_a="2.000000" m_b="0.000000" m_c="0.000000" m_d="2.000000" m_tx="-256.992004" m_ty="-74.940697"/>
  </frame>
  <frame idx="900" w="564" h="165" x="-26.992004" y="-7.440697">
   <element name="titles" layername="titles" frame="4" z_index="10" m_a="2.000000" m_b="0.000000" m_c="0.000000" m_d="2.000000" m_tx="-256.992004" m_ty="-74.940697"/>
  </frame>
  <frame idx="925" w="564" h="165" x="-26.992004" y="-7.440697">
   <element name="titles" layername="titles" frame="4" z_index="10" m_a="2.000000" m_b="0.000000" m_c="0.000000" m_d="2.000000" m_tx="-256.992004" m_ty="-74.940697"/>
  </frame>
  <frame idx="950" w="564" h="165" x="-26.992004" y="-7.440697">
   <element name="titles" layername="titles" frame="4" z_index="10" m_a="2.000000" m_b="0.000000" m_c="0.000000" m_d="2.000000" m_tx="-256.992004" m_ty="-74.940697"/>
  </frame>
 </anim>
 <anim name="deathbody" root="titles_fx" numframes="975" framerate="40">
  <frame idx="0" w="564" h="132" x="-25.000000" y="-6.000000">
   <element name="titles" layername="titles" frame="5" z_index="10" m_a="2.000000" m_b="0.000000" m_c="0.000000" m_d="2.000000" m_tx="-255.000000" m_ty="-60.000000"/>
  </frame>
  <frame idx="25" w="564" h="132" x="-25.000000" y="-6.000000">
   <element name="titles" layername="titles" frame="5" z_index="10" m_a="2.000000" m_b="0.000000" m_c="0.000000" m_d="2.000000" m_tx="-255.000000" m_ty="-60.000000"/>
  </frame>
  <frame idx="50" w="564" h="132" x="-25.000000" y="-6.000000">
   <element name="titles" layername="titles" frame="5" z_index="10" m_a="2.000000" m_b="0.000000" m_c="0.000000" m_d="2.000000" m_tx="-255.000000" m_ty="-60.000000"/>
  </frame>
  <frame idx="75" w="564" h="132" x="-25.000000" y="-6.000000">
   <element name="titles" layername="titles" frame="5" z_index="10" m_a="2.000000" m_b="0.000000" m_c="0.000000" m_d="2.000000" m_tx="-255.000000" m_ty="-60.000000"/>
  </frame>
  <frame idx="100" w="564" h="132" x="-25.000000" y="-6.000000">
   <element name="titles" layername="titles" frame="5" z_index="10" m_a="2.000000" m_b="0.000000" m_c="0.000000" m_d="2.000000" m_tx="-255.000000" m_ty="-60.000000"/>
  </frame>
  <frame idx="125" w="564" h="132" x="-25.000000" y="-6.000000">
   <element name="titles" layername="titles" frame="5" z_index="10" m_a="2.000000" m_b="0.000000" m_c="0.000000" m_d="2.000000" m_tx="-255.000000" m_ty="-60.000000"/>
  </frame>
  <frame idx="150" w="564" h="132" x="-25.000000" y="-6.000000">
   <element name="titles" layername="titles" frame="5" z_index="10" m_a="2.000000" m_b="0.000000" m_c="0.000000" m_d="2.000000" m_tx="-255.000000" m_ty="-60.000000"/>
  </frame>
  <frame idx="175" w="564" h="132" x="-25.000000" y="-6.000000">
   <element name="titles" layername="titles" frame="5" z_index="10" m_a="2.000000" m_b="0.000000" m_c="0.000000" m_d="2.000000" m_tx="-255.000000" m_ty="-60.000000"/>
  </frame>
  <frame idx="200" w="564" h="132" x="-25.000000" y="-6.000000">
   <element name="titles" layername="titles" frame="5" z_index="10" m_a="2.000000" m_b="0.000000" m_c="0.000000" m_d="2.000000" m_tx="-255.000000" m_ty="-60.000000"/>
  </frame>
  <frame idx="225" w="564" h="132" x="-25.000000" y="-6.000000">
   <element name="titles" layername="titles" frame="5" z_index="10" m_a="2.000000" m_b="0.000000" m_c="0.000000" m_d="2.000000" m_tx="-255.000000" m_ty="-60.000000"/>
  </frame>
  <frame idx="250" w="564" h="132" x="-25.000000" y="-6.000000">
   <element name="titles" layername="titles" frame="5" z_index="10" m_a="2.000000" m_b="0.000000" m_c="0.000000" m_d="2.000000" m_tx="-255.000000" m_ty="-60.000000"/>
  </frame>
  <frame idx="275" w="564" h="132" x="-25.000000" y="-6.000000">
   <element name="titles" layername="titles" frame="5" z_index="10" m_a="2.000000" m_b="0.000000" m_c="0.000000" m_d="2.000000" m_tx="-255.000000" m_ty="-60.000000"/>
  </frame>
  <frame idx="300" w="564" h="132" x="-25.000000" y="-6.000000">
   <element name="titles" layername="titles" frame="5" z_index="10" m_a="2.000000" m_b="0.000000" m_c="0.000000" m_d="2.000000" m_tx="-255.000000" m_ty="-60.000000"/>
  </frame>
  <frame idx="325" w="564" h="132" x="-25.000000" y="-6.000000">
   <element name="titles" layername="titles" frame="5" z_index="10" m_a="2.000000" m_b="0.000000" m_c="0.000000" m_d="2.000000" m_tx="-255.000000" m_ty="-60.000000"/>
  </frame>
  <frame idx="350" w="564" h="132" x="-25.000000" y="-6.000000">
   <element name="titles" layername="titles" frame="5" z_index="10" m_a="2.000000" m_b="0.000000" m_c="0.000000" m_d="2.000000" m_tx="-255.000000" m_ty="-60.000000"/>
  </frame>
  <frame idx="375" w="564" h="132" x="-25.000000" y="-6.000000">
   <element name="titles" layername="titles" frame="5" z_index="10" m_a="2.000000" m_b="0.000000" m_c="0.000000" m_d="2.000000" m_tx="-255.000000" m_ty="-60.000000"/>
  </frame>
  <frame idx="400" w="564" h="132" x="-25.000000" y="-6.000000">
   <element name="titles" layername="titles" frame="5" z_index="10" m_a="2.000000" m_b="0.000000" m_c="0.000000" m_d="2.000000" m_tx="-255.000000" m_ty="-60.000000"/>
  </frame>
  <frame idx="425" w="564" h="132" x="-25.000000" y="-6.000000">
   <element name="titles" layername="titles" frame="5" z_index="10" m_a="2.000000" m_b="0.000000" m_c="0.000000" m_d="2.000000" m_tx="-255.000000" m_ty="-60.000000"/>
  </frame>
  <frame idx="450" w="564" h="132" x="-25.000000" y="-6.000000">
   <element name="titles" layername="titles" frame="5" z_index="10" m_a="2.000000" m_b="0.000000" m_c="0.000000" m_d="2.000000" m_tx="-255.000000" m_ty="-60.000000"/>
  </frame>
  <frame idx="475" w="564" h="132" x="-25.000000" y="-6.000000">
   <element name="titles" layername="titles" frame="5" z_index="10" m_a="2.000000" m_b="0.000000" m_c="0.000000" m_d="2.000000" m_tx="-255.000000" m_ty="-60.000000"/>
  </frame>
  <frame idx="500" w="564" h="132" x="-25.000000" y="-6.000000">
   <element name="titles" layername="titles" frame="5" z_index="10" m_a="2.000000" m_b="0.000000" m_c="0.000000" m_d="2.000000" m_tx="-255.000000" m_ty="-60.000000"/>
  </frame>
  <frame idx="525" w="564" h="132" x="-25.000000" y="-6.000000">
   <element name="titles" layername="titles" frame="5" z_index="10" m_a="2.000000" m_b="0.000000" m_c="0.000000" m_d="2.000000" m_tx="-255.000000" m_ty="-60.000000"/>
  </frame>
  <frame idx="550" w="564" h="132" x="-25.000000" y="-6.000000">
   <element name="titles" layername="titles" frame="5" z_index="10" m_a="2.000000" m_b="0.000000" m_c="0.000000" m_d="2.000000" m_tx="-255.000000" m_ty="-60.000000"/>
  </frame>
  <frame idx="575" w="564" h="132" x="-25.000000" y="-6.000000">
   <element name="titles" layername="titles" frame="5" z_index="10" m_a="2.000000" m_b="0.000000" m_c="0.000000" m_d="2.000000" m_tx="-255.000000" m_ty="-60.000000"/>
  </frame>
  <frame idx="600" w="564" h="132" x="-25.000000" y="-6.000000">
   <element name="titles" layername="titles" frame="5" z_index="10" m_a="2.000000" m_b="0.000000" m_c="0.000000" m_d="2.000000" m_tx="-255.000000" m_ty="-60.000000"/>
  </frame>
  <frame idx="625" w="564" h="132" x="-25.000000" y="-6.000000">
   <element name="titles" layername="titles" frame="5" z_index="10" m_a="2.000000" m_b="0.000000" m_c="0.000000" m_d="2.000000" m_tx="-255.000000" m_ty="-60.000000"/>
  </frame>
  <frame idx="650" w="564" h="132" x="-25.000000" y="-6.000000">
   <element name="titles" layername="titles" frame="5" z_index="10" m_a="2.000000" m_b="0.000000" m_c="0.000000" m_d="2.000000" m_tx="-255.000000" m_ty="-60.000000"/>
  </frame>
  <frame idx="675" w="564" h="132" x="-25.000000" y="-6.000000">
   <element name="titles" layername="titles" frame="5" z_index="10" m_a="2.000000" m_b="0.000000" m_c="0.000000" m_d="2.000000" m_tx="-255.000000" m_ty="-60.000000"/>
  </frame>
  <frame idx="700" w="564" h="132" x="-25.000000" y="-6.000000">
   <element name="titles" layername="titles" frame="5" z_index="10" m_a="2.000000" m_b="0.000000" m_c="0.000000" m_d="2.000000" m_tx="-255.000000" m_ty="-60.000000"/>
  </frame>
  <frame idx="725" w="564" h="132" x="-25.000000" y="-6.000000">
   <element name="titles" layername="titles" frame="5" z_index="10" m_a="2.000000" m_b="0.000000" m_c="0.000000" m_d="2.000000" m_tx="-255.000000" m_ty="-60.000000"/>
  </frame>
  <frame idx="750" w="564" h="132" x="-25.000000" y="-6.000000">
   <element name="titles" layername="titles" frame="5" z_index="10" m_a="2.000000" m_b="0.000000" m_c="0.000000" m_d="2.000000" m_tx="-255.000000" m_ty="-60.000000"/>
  </frame>
  <frame idx="775" w="564" h="132" x="-25.000000" y="-6.000000">
   <element name="titles" layername="titles" frame="5" z_index="10" m_a="2.000000" m_b="0.000000" m_c="0.000000" m_d="2.000000" m_tx="-255.000000" m_ty="-60.000000"/>
  </frame>
  <frame idx="800" w="564" h="132" x="-25.000000" y="-6.000000">
   <element name="titles" layername="titles" frame="5" z_index="10" m_a="2.000000" m_b="0.000000" m_c="0.000000" m_d="2.000000" m_tx="-255.000000" m_ty="-60.000000"/>
  </frame>
  <frame idx="825" w="564" h="132" x="-25.000000" y="-6.000000">
   <element name="titles" layername="titles" frame="5" z_index="10" m_a="2.000000" m_b="0.000000" m_c="0.000000" m_d="2.000000" m_tx="-255.000000" m_ty="-60.000000"/>
  </frame>
  <frame idx="850" w="564" h="132" x="-25.000000" y="-6.000000">
   <element name="titles" layername="titles" frame="5" z_index="10" m_a="2.000000" m_b="0.000000" m_c="0.000000" m_d="2.000000" m_tx="-255.000000" m_ty="-60.000000"/>
  </frame>
  <frame idx="875" w="564" h="132" x="-25.000000" y="-6.000000">
   <element name="titles" layername="titles" frame="5" z_index="10" m_a="2.000000" m_b="0.000000" m_c="0.000000" m_d="2.000000" m_tx="-255.000000" m_ty="-60.000000"/>
  </frame>
  <frame idx="900" w="564" h="132" x="-25.000000" y="-6.000000">
   <element name="titles" layername="titles" frame="5" z_index="10" m_a="2.000000" m_b="0.000000" m_c="0.000000" m_d="2.000000" m_tx="-255.000000" m_ty="-60.000000"/>
  </frame>
  <frame idx="925" w="564" h="132" x="-25.000000" y="-6.000000">
   <element name="titles" layername="titles" frame="5" z_index="10" m_a="2.000000" m_b="0.000000" m_c="0.000000" m_d="2.000000" m_tx="-255.000000" m_ty="-60.000000"/>
  </frame>
  <frame idx="950" w="564" h="132" x="-25.000000" y="-6.000000">
   <element name="titles" layername="titles" frame="5" z_index="10" m_a="2.000000" m_b="0.000000" m_c="0.000000" m_d="2.000000" m_tx="-255.000000" m_ty="-60.000000"/>
  </frame>
 </anim>
 <anim name="lifeforever" root="titles_fx" numframes="975" framerate="40">
  <frame idx="0" w="564" h="150" x="-24.000000" y="-6.000000">
   <element name="titles" layername="titles" frame="6" z_index="10" m_a="2.000000" m_b="0.000000" m_c="0.000000" m_d="2.000000" m_tx="-254.000000" m_ty="-67.000000"/>
  </frame>
  <frame idx="25" w="564" h="150" x="-24.000000" y="-6.000000">
   <element name="titles" layername="titles" frame="6" z_index="10" m_a="2.000000" m_b="0.000000" m_c="0.000000" m_d="2.000000" m_tx="-254.000000" m_ty="-67.000000"/>
  </frame>
  <frame idx="50" w="564" h="150" x="-24.000000" y="-6.000000">
   <element name="titles" layername="titles" frame="6" z_index="10" m_a="2.000000" m_b="0.000000" m_c="0.000000" m_d="2.000000" m_tx="-254.000000" m_ty="-67.000000"/>
  </frame>
  <frame idx="75" w="564" h="150" x="-24.000000" y="-6.000000">
   <element name="titles" layername="titles" frame="6" z_index="10" m_a="2.000000" m_b="0.000000" m_c="0.000000" m_d="2.000000" m_tx="-254.000000" m_ty="-67.000000"/>
  </frame>
  <frame idx="100" w="564" h="150" x="-24.000000" y="-6.000000">
   <element name="titles" layername="titles" frame="6" z_index="10" m_a="2.000000" m_b="0.000000" m_c="0.000000" m_d="2.000000" m_tx="-254.000000" m_ty="-67.000000"/>
  </frame>
  <frame idx="125" w="564" h="150" x="-24.000000" y="-6.000000">
   <element name="titles" layername="titles" frame="6" z_index="10" m_a="2.000000" m_b="0.000000" m_c="0.000000" m_d="2.000000" m_tx="-254.000000" m_ty="-67.000000"/>
  </frame>
  <frame idx="150" w="564" h="150" x="-24.000000" y="-6.000000">
   <element name="titles" layername="titles" frame="6" z_index="10" m_a="2.000000" m_b="0.000000" m_c="0.000000" m_d="2.000000" m_tx="-254.000000" m_ty="-67.000000"/>
  </frame>
  <frame idx="175" w="564" h="150" x="-24.000000" y="-6.000000">
   <element name="titles" layername="titles" frame="6" z_index="10" m_a="2.000000" m_b="0.000000" m_c="0.000000" m_d="2.000000" m_tx="-254.000000" m_ty="-67.000000"/>
  </frame>
  <frame idx="200" w="564" h="150" x="-24.000000" y="-6.000000">
   <element name="titles" layername="titles" frame="6" z_index="10" m_a="2.000000" m_b="0.000000" m_c="0.000000" m_d="2.000000" m_tx="-254.000000" m_ty="-67.000000"/>
  </frame>
  <frame idx="225" w="564" h="150" x="-24.000000" y="-6.000000">
   <element name="titles" layername="titles" frame="6" z_index="10" m_a="2.000000" m_b="0.000000" m_c="0.000000" m_d="2.000000" m_tx="-254.000000" m_ty="-67.000000"/>
  </frame>
  <frame idx="250" w="564" h="150" x="-24.000000" y="-6.000000">
   <element name="titles" layername="titles" frame="6" z_index="10" m_a="2.000000" m_b="0.000000" m_c="0.000000" m_d="2.000000" m_tx="-254.000000" m_ty="-67.000000"/>
  </frame>
  <frame idx="275" w="564" h="150" x="-24.000000" y="-6.000000">
   <element name="titles" layername="titles" frame="6" z_index="10" m_a="2.000000" m_b="0.000000" m_c="0.000000" m_d="2.000000" m_tx="-254.000000" m_ty="-67.000000"/>
  </frame>
  <frame idx="300" w="564" h="150" x="-24.000000" y="-6.000000">
   <element name="titles" layername="titles" frame="6" z_index="10" m_a="2.000000" m_b="0.000000" m_c="0.000000" m_d="2.000000" m_tx="-254.000000" m_ty="-67.000000"/>
  </frame>
  <frame idx="325" w="564" h="150" x="-24.000000" y="-6.000000">
   <element name="titles" layername="titles" frame="6" z_index="10" m_a="2.000000" m_b="0.000000" m_c="0.000000" m_d="2.000000" m_tx="-254.000000" m_ty="-67.000000"/>
  </frame>
  <frame idx="350" w="564" h="150" x="-24.000000" y="-6.000000">
   <element name="titles" layername="titles" frame="6" z_index="10" m_a="2.000000" m_b="0.000000" m_c="0.000000" m_d="2.000000" m_tx="-254.000000" m_ty="-67.000000"/>
  </frame>
  <frame idx="375" w="564" h="150" x="-24.000000" y="-6.000000">
   <element name="titles" layername="titles" frame="6" z_index="10" m_a="2.000000" m_b="0.000000" m_c="0.000000" m_d="2.000000" m_tx="-254.000000" m_ty="-67.000000"/>
  </frame>
  <frame idx="400" w="564" h="150" x="-24.000000" y="-6.000000">
   <element name="titles" layername="titles" frame="6" z_index="10" m_a="2.000000" m_b="0.000000" m_c="0.000000" m_d="2.000000" m_tx="-254.000000" m_ty="-67.000000"/>
  </frame>
  <frame idx="425" w="564" h="150" x="-24.000000" y="-6.000000">
   <element name="titles" layername="titles" frame="6" z_index="10" m_a="2.000000" m_b="0.000000" m_c="0.000000" m_d="2.000000" m_tx="-254.000000" m_ty="-67.000000"/>
  </frame>
  <frame idx="450" w="564" h="150" x="-24.000000" y="-6.000000">
   <element name="titles" layername="titles" frame="6" z_index="10" m_a="2.000000" m_b="0.000000" m_c="0.000000" m_d="2.000000" m_tx="-254.000000" m_ty="-67.000000"/>
  </frame>
  <frame idx="475" w="564" h="150" x="-24.000000" y="-6.000000">
   <element name="titles" layername="titles" frame="6" z_index="10" m_a="2.000000" m_b="0.000000" m_c="0.000000" m_d="2.000000" m_tx="-254.000000" m_ty="-67.000000"/>
  </frame>
  <frame idx="500" w="564" h="150" x="-24.000000" y="-6.000000">
   <element name="titles" layername="titles" frame="6" z_index="10" m_a="2.000000" m_b="0.000000" m_c="0.000000" m_d="2.000000" m_tx="-254.000000" m_ty="-67.000000"/>
  </frame>
  <frame idx="525" w="564" h="150" x="-24.000000" y="-6.000000">
   <element name="titles" layername="titles" frame="6" z_index="10" m_a="2.000000" m_b="0.000000" m_c="0.000000" m_d="2.000000" m_tx="-254.000000" m_ty="-67.000000"/>
  </frame>
  <frame idx="550" w="564" h="150" x="-24.000000" y="-6.000000">
   <element name="titles" layername="titles" frame="6" z_index="10" m_a="2.000000" m_b="0.000000" m_c="0.000000" m_d="2.000000" m_tx="-254.000000" m_ty="-67.000000"/>
  </frame>
  <frame idx="575" w="564" h="150" x="-24.000000" y="-6.000000">
   <element name="titles" layername="titles" frame="6" z_index="10" m_a="2.000000" m_b="0.000000" m_c="0.000000" m_d="2.000000" m_tx="-254.000000" m_ty="-67.000000"/>
  </frame>
  <frame idx="600" w="564" h="150" x="-24.000000" y="-6.000000">
   <element name="titles" layername="titles" frame="6" z_index="10" m_a="2.000000" m_b="0.000000" m_c="0.000000" m_d="2.000000" m_tx="-254.000000" m_ty="-67.000000"/>
  </frame>
  <frame idx="625" w="564" h="150" x="-24.000000" y="-6.000000">
   <element name="titles" layername="titles" frame="6" z_index="10" m_a="2.000000" m_b="0.000000" m_c="0.000000" m_d="2.000000" m_tx="-254.000000" m_ty="-67.000000"/>
  </frame>
  <frame idx="650" w="564" h="150" x="-24.000000" y="-6.000000">
   <element name="titles" layername="titles" frame="6" z_index="10" m_a="2.000000" m_b="0.000000" m_c="0.000000" m_d="2.000000" m_tx="-254.000000" m_ty="-67.000000"/>
  </frame>
  <frame idx="675" w="564" h="150" x="-24.000000" y="-6.000000">
   <element name="titles" layername="titles" frame="6" z_index="10" m_a="2.000000" m_b="0.000000" m_c="0.000000" m_d="2.000000" m_tx="-254.000000" m_ty="-67.000000"/>
  </frame>
  <frame idx="700" w="564" h="150" x="-24.000000" y="-6.000000">
   <element name="titles" layername="titles" frame="6" z_index="10" m_a="2.000000" m_b="0.000000" m_c="0.000000" m_d="2.000000" m_tx="-254.000000" m_ty="-67.000000"/>
  </frame>
  <frame idx="725" w="564" h="150" x="-24.000000" y="-6.000000">
   <element name="titles" layername="titles" frame="6" z_index="10" m_a="2.000000" m_b="0.000000" m_c="0.000000" m_d="2.000000" m_tx="-254.000000" m_ty="-67.000000"/>
  </frame>
  <frame idx="750" w="564" h="150" x="-24.000000" y="-6.000000">
   <element name="titles" layername="titles" frame="6" z_index="10" m_a="2.000000" m_b="0.000000" m_c="0.000000" m_d="2.000000" m_tx="-254.000000" m_ty="-67.000000"/>
  </frame>
  <frame idx="775" w="564" h="150" x="-24.000000" y="-6.000000">
   <element name="titles" layername="titles" frame="6" z_index="10" m_a="2.000000" m_b="0.000000" m_c="0.000000" m_d="2.000000" m_tx="-254.000000" m_ty="-67.000000"/>
  </frame>
  <frame idx="800" w="564" h="150" x="-24.000000" y="-6.000000">
   <element name="titles" layername="titles" frame="6" z_index="10" m_a="2.000000" m_b="0.000000" m_c="0.000000" m_d="2.000000" m_tx="-254.000000" m_ty="-67.000000"/>
  </frame>
  <frame idx="825" w="564" h="150" x="-24.000000" y="-6.000000">
   <element name="titles" layername="titles" frame="6" z_index="10" m_a="2.000000" m_b="0.000000" m_c="0.000000" m_d="2.000000" m_tx="-254.000000" m_ty="-67.000000"/>
  </frame>
  <frame idx="850" w="564" h="150" x="-24.000000" y="-6.000000">
   <element name="titles" layername="titles" frame="6" z_index="10" m_a="2.000000" m_b="0.000000" m_c="0.000000" m_d="2.000000" m_tx="-254.000000" m_ty="-67.000000"/>
  </frame>
  <frame idx="875" w="564" h="150" x="-24.000000" y="-6.000000">
   <element name="titles" layername="titles" frame="6" z_index="10" m_a="2.000000" m_b="0.000000" m_c="0.000000" m_d="2.000000" m_tx="-254.000000" m_ty="-67.000000"/>
  </frame>
  <frame idx="900" w="564" h="150" x="-24.000000" y="-6.000000">
   <element name="titles" layername="titles" frame="6" z_index="10" m_a="2.000000" m_b="0.000000" m_c="0.000000" m_d="2.000000" m_tx="-254.000000" m_ty="-67.000000"/>
  </frame>
  <frame idx="925" w="564" h="150" x="-24.000000" y="-6.000000">
   <element name="titles" layername="titles" frame="6" z_index="10" m_a="2.000000" m_b="0.000000" m_c="0.000000" m_d="2.000000" m_tx="-254.000000" m_ty="-67.000000"/>
  </frame>
  <frame idx="950" w="564" h="150" x="-24.000000" y="-6.000000">
   <element name="titles" layername="titles" frame="6" z_index="10" m_a="2.000000" m_b="0.000000" m_c="0.000000" m_d="2.000000" m_tx="-254.000000" m_ty="-67.000000"/>
  </frame>
 </anim>
 <anim name="leisurely" root="titles_fx" numframes="975" framerate="40">
  <frame idx="0" w="564" h="132" x="-25.000000" y="-7.000000">
   <element name="titles" layername="titles" frame="8" z_index="10" m_a="2.000000" m_b="0.000000" m_c="0.000000" m_d="2.000000" m_tx="-255.000000" m_ty="-61.000000"/>
  </frame>
  <frame idx="25" w="564" h="132" x="-25.000000" y="-7.000000">
   <element name="titles" layername="titles" frame="8" z_index="10" m_a="2.000000" m_b="0.000000" m_c="0.000000" m_d="2.000000" m_tx="-255.000000" m_ty="-61.000000"/>
  </frame>
  <frame idx="50" w="564" h="132" x="-25.000000" y="-7.000000">
   <element name="titles" layername="titles" frame="8" z_index="10" m_a="2.000000" m_b="0.000000" m_c="0.000000" m_d="2.000000" m_tx="-255.000000" m_ty="-61.000000"/>
  </frame>
  <frame idx="75" w="564" h="132" x="-25.000000" y="-7.000000">
   <element name="titles" layername="titles" frame="8" z_index="10" m_a="2.000000" m_b="0.000000" m_c="0.000000" m_d="2.000000" m_tx="-255.000000" m_ty="-61.000000"/>
  </frame>
  <frame idx="100" w="564" h="132" x="-25.000000" y="-7.000000">
   <element name="titles" layername="titles" frame="8" z_index="10" m_a="2.000000" m_b="0.000000" m_c="0.000000" m_d="2.000000" m_tx="-255.000000" m_ty="-61.000000"/>
  </frame>
  <frame idx="125" w="564" h="132" x="-25.000000" y="-7.000000">
   <element name="titles" layername="titles" frame="8" z_index="10" m_a="2.000000" m_b="0.000000" m_c="0.000000" m_d="2.000000" m_tx="-255.000000" m_ty="-61.000000"/>
  </frame>
  <frame idx="150" w="564" h="132" x="-25.000000" y="-7.000000">
   <element name="titles" layername="titles" frame="8" z_index="10" m_a="2.000000" m_b="0.000000" m_c="0.000000" m_d="2.000000" m_tx="-255.000000" m_ty="-61.000000"/>
  </frame>
  <frame idx="175" w="564" h="132" x="-25.000000" y="-7.000000">
   <element name="titles" layername="titles" frame="8" z_index="10" m_a="2.000000" m_b="0.000000" m_c="0.000000" m_d="2.000000" m_tx="-255.000000" m_ty="-61.000000"/>
  </frame>
  <frame idx="200" w="564" h="132" x="-25.000000" y="-7.000000">
   <element name="titles" layername="titles" frame="8" z_index="10" m_a="2.000000" m_b="0.000000" m_c="0.000000" m_d="2.000000" m_tx="-255.000000" m_ty="-61.000000"/>
  </frame>
  <frame idx="225" w="564" h="132" x="-25.000000" y="-7.000000">
   <element name="titles" layername="titles" frame="8" z_index="10" m_a="2.000000" m_b="0.000000" m_c="0.000000" m_d="2.000000" m_tx="-255.000000" m_ty="-61.000000"/>
  </frame>
  <frame idx="250" w="564" h="132" x="-25.000000" y="-7.000000">
   <element name="titles" layername="titles" frame="8" z_index="10" m_a="2.000000" m_b="0.000000" m_c="0.000000" m_d="2.000000" m_tx="-255.000000" m_ty="-61.000000"/>
  </frame>
  <frame idx="275" w="564" h="132" x="-25.000000" y="-7.000000">
   <element name="titles" layername="titles" frame="8" z_index="10" m_a="2.000000" m_b="0.000000" m_c="0.000000" m_d="2.000000" m_tx="-255.000000" m_ty="-61.000000"/>
  </frame>
  <frame idx="300" w="564" h="132" x="-25.000000" y="-7.000000">
   <element name="titles" layername="titles" frame="8" z_index="10" m_a="2.000000" m_b="0.000000" m_c="0.000000" m_d="2.000000" m_tx="-255.000000" m_ty="-61.000000"/>
  </frame>
  <frame idx="325" w="564" h="132" x="-25.000000" y="-7.000000">
   <element name="titles" layername="titles" frame="8" z_index="10" m_a="2.000000" m_b="0.000000" m_c="0.000000" m_d="2.000000" m_tx="-255.000000" m_ty="-61.000000"/>
  </frame>
  <frame idx="350" w="564" h="132" x="-25.000000" y="-7.000000">
   <element name="titles" layername="titles" frame="8" z_index="10" m_a="2.000000" m_b="0.000000" m_c="0.000000" m_d="2.000000" m_tx="-255.000000" m_ty="-61.000000"/>
  </frame>
  <frame idx="375" w="564" h="132" x="-25.000000" y="-7.000000">
   <element name="titles" layername="titles" frame="8" z_index="10" m_a="2.000000" m_b="0.000000" m_c="0.000000" m_d="2.000000" m_tx="-255.000000" m_ty="-61.000000"/>
  </frame>
  <frame idx="400" w="564" h="132" x="-25.000000" y="-7.000000">
   <element name="titles" layername="titles" frame="8" z_index="10" m_a="2.000000" m_b="0.000000" m_c="0.000000" m_d="2.000000" m_tx="-255.000000" m_ty="-61.000000"/>
  </frame>
  <frame idx="425" w="564" h="132" x="-25.000000" y="-7.000000">
   <element name="titles" layername="titles" frame="8" z_index="10" m_a="2.000000" m_b="0.000000" m_c="0.000000" m_d="2.000000" m_tx="-255.000000" m_ty="-61.000000"/>
  </frame>
  <frame idx="450" w="564" h="132" x="-25.000000" y="-7.000000">
   <element name="titles" layername="titles" frame="8" z_index="10" m_a="2.000000" m_b="0.000000" m_c="0.000000" m_d="2.000000" m_tx="-255.000000" m_ty="-61.000000"/>
  </frame>
  <frame idx="475" w="564" h="132" x="-25.000000" y="-7.000000">
   <element name="titles" layername="titles" frame="8" z_index="10" m_a="2.000000" m_b="0.000000" m_c="0.000000" m_d="2.000000" m_tx="-255.000000" m_ty="-61.000000"/>
  </frame>
  <frame idx="500" w="564" h="132" x="-25.000000" y="-7.000000">
   <element name="titles" layername="titles" frame="8" z_index="10" m_a="2.000000" m_b="0.000000" m_c="0.000000" m_d="2.000000" m_tx="-255.000000" m_ty="-61.000000"/>
  </frame>
  <frame idx="525" w="564" h="132" x="-25.000000" y="-7.000000">
   <element name="titles" layername="titles" frame="8" z_index="10" m_a="2.000000" m_b="0.000000" m_c="0.000000" m_d="2.000000" m_tx="-255.000000" m_ty="-61.000000"/>
  </frame>
  <frame idx="550" w="564" h="132" x="-25.000000" y="-7.000000">
   <element name="titles" layername="titles" frame="8" z_index="10" m_a="2.000000" m_b="0.000000" m_c="0.000000" m_d="2.000000" m_tx="-255.000000" m_ty="-61.000000"/>
  </frame>
  <frame idx="575" w="564" h="132" x="-25.000000" y="-7.000000">
   <element name="titles" layername="titles" frame="8" z_index="10" m_a="2.000000" m_b="0.000000" m_c="0.000000" m_d="2.000000" m_tx="-255.000000" m_ty="-61.000000"/>
  </frame>
  <frame idx="600" w="564" h="132" x="-25.000000" y="-7.000000">
   <element name="titles" layername="titles" frame="8" z_index="10" m_a="2.000000" m_b="0.000000" m_c="0.000000" m_d="2.000000" m_tx="-255.000000" m_ty="-61.000000"/>
  </frame>
  <frame idx="625" w="564" h="132" x="-25.000000" y="-7.000000">
   <element name="titles" layername="titles" frame="8" z_index="10" m_a="2.000000" m_b="0.000000" m_c="0.000000" m_d="2.000000" m_tx="-255.000000" m_ty="-61.000000"/>
  </frame>
  <frame idx="650" w="564" h="132" x="-25.000000" y="-7.000000">
   <element name="titles" layername="titles" frame="8" z_index="10" m_a="2.000000" m_b="0.000000" m_c="0.000000" m_d="2.000000" m_tx="-255.000000" m_ty="-61.000000"/>
  </frame>
  <frame idx="675" w="564" h="132" x="-25.000000" y="-7.000000">
   <element name="titles" layername="titles" frame="8" z_index="10" m_a="2.000000" m_b="0.000000" m_c="0.000000" m_d="2.000000" m_tx="-255.000000" m_ty="-61.000000"/>
  </frame>
  <frame idx="700" w="564" h="132" x="-25.000000" y="-7.000000">
   <element name="titles" layername="titles" frame="8" z_index="10" m_a="2.000000" m_b="0.000000" m_c="0.000000" m_d="2.000000" m_tx="-255.000000" m_ty="-61.000000"/>
  </frame>
  <frame idx="725" w="564" h="132" x="-25.000000" y="-7.000000">
   <element name="titles" layername="titles" frame="8" z_index="10" m_a="2.000000" m_b="0.000000" m_c="0.000000" m_d="2.000000" m_tx="-255.000000" m_ty="-61.000000"/>
  </frame>
  <frame idx="750" w="564" h="132" x="-25.000000" y="-7.000000">
   <element name="titles" layername="titles" frame="8" z_index="10" m_a="2.000000" m_b="0.000000" m_c="0.000000" m_d="2.000000" m_tx="-255.000000" m_ty="-61.000000"/>
  </frame>
  <frame idx="775" w="564" h="132" x="-25.000000" y="-7.000000">
   <element name="titles" layername="titles" frame="8" z_index="10" m_a="2.000000" m_b="0.000000" m_c="0.000000" m_d="2.000000" m_tx="-255.000000" m_ty="-61.000000"/>
  </frame>
  <frame idx="800" w="564" h="132" x="-25.000000" y="-7.000000">
   <element name="titles" layername="titles" frame="8" z_index="10" m_a="2.000000" m_b="0.000000" m_c="0.000000" m_d="2.000000" m_tx="-255.000000" m_ty="-61.000000"/>
  </frame>
  <frame idx="825" w="564" h="132" x="-25.000000" y="-7.000000">
   <element name="titles" layername="titles" frame="8" z_index="10" m_a="2.000000" m_b="0.000000" m_c="0.000000" m_d="2.000000" m_tx="-255.000000" m_ty="-61.000000"/>
  </frame>
  <frame idx="850" w="564" h="132" x="-25.000000" y="-7.000000">
   <element name="titles" layername="titles" frame="8" z_index="10" m_a="2.000000" m_b="0.000000" m_c="0.000000" m_d="2.000000" m_tx="-255.000000" m_ty="-61.000000"/>
  </frame>
  <frame idx="875" w="564" h="132" x="-25.000000" y="-7.000000">
   <element name="titles" layername="titles" frame="8" z_index="10" m_a="2.000000" m_b="0.000000" m_c="0.000000" m_d="2.000000" m_tx="-255.000000" m_ty="-61.000000"/>
  </frame>
  <frame idx="900" w="564" h="132" x="-25.000000" y="-7.000000">
   <element name="titles" layername="titles" frame="8" z_index="10" m_a="2.000000" m_b="0.000000" m_c="0.000000" m_d="2.000000" m_tx="-255.000000" m_ty="-61.000000"/>
  </frame>
  <frame idx="925" w="564" h="132" x="-25.000000" y="-7.000000">
   <element name="titles" layername="titles" frame="8" z_index="10" m_a="2.000000" m_b="0.000000" m_c="0.000000" m_d="2.000000" m_tx="-255.000000" m_ty="-61.000000"/>
  </frame>
  <frame idx="950" w="564" h="132" x="-25.000000" y="-7.000000">
   <element name="titles" layername="titles" frame="8" z_index="10" m_a="2.000000" m_b="0.000000" m_c="0.000000" m_d="2.000000" m_tx="-255.000000" m_ty="-61.000000"/>
  </frame>
 </anim>
</Anims>
