<Anims>
 <anim name="BUILD" root="coffee" numframes="1000" framerate="40">
  <frame idx="0" w="71" h="71" x="-2.499994" y="-7.500027">
   <element name="coffee0" layername="coffee" frame="0" z_index="2" m_a="1.000000" m_b="0.000000" m_c="0.000000" m_d="1.000000" m_tx="-30.999994" m_ty="-36.000027"/>
  </frame>
  <frame idx="25" w="71" h="71" x="-2.499994" y="-7.500027">
   <element name="coffee0" layername="coffee" frame="0" z_index="2" m_a="1.000000" m_b="0.000000" m_c="0.000000" m_d="1.000000" m_tx="-30.999994" m_ty="-36.000027"/>
  </frame>
  <frame idx="50" w="71" h="71" x="-2.499994" y="-7.500027">
   <element name="coffee0" layername="coffee" frame="0" z_index="2" m_a="1.000000" m_b="0.000000" m_c="0.000000" m_d="1.000000" m_tx="-30.999994" m_ty="-36.000027"/>
  </frame>
  <frame idx="75" w="71" h="71" x="-2.499994" y="-7.500027">
   <element name="coffee0" layername="coffee" frame="0" z_index="2" m_a="1.000000" m_b="0.000000" m_c="0.000000" m_d="1.000000" m_tx="-30.999994" m_ty="-36.000027"/>
  </frame>
  <frame idx="100" w="71" h="71" x="-2.499994" y="-7.500027">
   <element name="coffee0" layername="coffee" frame="0" z_index="2" m_a="1.000000" m_b="0.000000" m_c="0.000000" m_d="1.000000" m_tx="-30.999994" m_ty="-36.000027"/>
  </frame>
  <frame idx="125" w="71" h="71" x="-2.499994" y="-7.500027">
   <element name="coffee0" layername="coffee" frame="0" z_index="2" m_a="1.000000" m_b="0.000000" m_c="0.000000" m_d="1.000000" m_tx="-30.999994" m_ty="-36.000027"/>
  </frame>
  <frame idx="150" w="71" h="71" x="-2.499994" y="-7.500027">
   <element name="coffee0" layername="coffee" frame="0" z_index="2" m_a="1.000000" m_b="0.000000" m_c="0.000000" m_d="1.000000" m_tx="-30.999994" m_ty="-36.000027"/>
  </frame>
  <frame idx="175" w="71" h="71" x="-2.499994" y="-7.500027">
   <element name="coffee0" layername="coffee" frame="0" z_index="2" m_a="1.000000" m_b="0.000000" m_c="0.000000" m_d="1.000000" m_tx="-30.999994" m_ty="-36.000027"/>
  </frame>
  <frame idx="200" w="71" h="71" x="-2.499994" y="-7.500027">
   <element name="coffee0" layername="coffee" frame="0" z_index="2" m_a="1.000000" m_b="0.000000" m_c="0.000000" m_d="1.000000" m_tx="-30.999994" m_ty="-36.000027"/>
  </frame>
  <frame idx="225" w="71" h="71" x="-2.499994" y="-7.500027">
   <element name="coffee0" layername="coffee" frame="0" z_index="2" m_a="1.000000" m_b="0.000000" m_c="0.000000" m_d="1.000000" m_tx="-30.999994" m_ty="-36.000027"/>
  </frame>
  <frame idx="250" w="71" h="71" x="-2.499994" y="-7.500027">
   <element name="coffee0" layername="coffee" frame="0" z_index="2" m_a="1.000000" m_b="0.000000" m_c="0.000000" m_d="1.000000" m_tx="-30.999994" m_ty="-36.000027"/>
  </frame>
  <frame idx="275" w="71" h="71" x="-2.499994" y="-7.500027">
   <element name="coffee0" layername="coffee" frame="0" z_index="2" m_a="1.000000" m_b="0.000000" m_c="0.000000" m_d="1.000000" m_tx="-30.999994" m_ty="-36.000027"/>
  </frame>
  <frame idx="300" w="71" h="71" x="-2.499994" y="-7.500027">
   <element name="coffee0" layername="coffee" frame="0" z_index="2" m_a="1.000000" m_b="0.000000" m_c="0.000000" m_d="1.000000" m_tx="-30.999994" m_ty="-36.000027"/>
  </frame>
  <frame idx="325" w="71" h="71" x="-2.499994" y="-7.500027">
   <element name="coffee0" layername="coffee" frame="0" z_index="2" m_a="1.000000" m_b="0.000000" m_c="0.000000" m_d="1.000000" m_tx="-30.999994" m_ty="-36.000027"/>
  </frame>
  <frame idx="350" w="71" h="71" x="-2.499994" y="-7.500027">
   <element name="coffee0" layername="coffee" frame="0" z_index="2" m_a="1.000000" m_b="0.000000" m_c="0.000000" m_d="1.000000" m_tx="-30.999994" m_ty="-36.000027"/>
  </frame>
  <frame idx="375" w="71" h="71" x="-2.499994" y="-7.500027">
   <element name="coffee0" layername="coffee" frame="0" z_index="2" m_a="1.000000" m_b="0.000000" m_c="0.000000" m_d="1.000000" m_tx="-30.999994" m_ty="-36.000027"/>
  </frame>
  <frame idx="400" w="71" h="71" x="-2.499994" y="-7.500027">
   <element name="coffee0" layername="coffee" frame="0" z_index="2" m_a="1.000000" m_b="0.000000" m_c="0.000000" m_d="1.000000" m_tx="-30.999994" m_ty="-36.000027"/>
  </frame>
  <frame idx="425" w="71" h="71" x="-2.499994" y="-7.500027">
   <element name="coffee0" layername="coffee" frame="0" z_index="2" m_a="1.000000" m_b="0.000000" m_c="0.000000" m_d="1.000000" m_tx="-30.999994" m_ty="-36.000027"/>
  </frame>
  <frame idx="450" w="71" h="71" x="-2.499994" y="-7.500027">
   <element name="coffee0" layername="coffee" frame="0" z_index="2" m_a="1.000000" m_b="0.000000" m_c="0.000000" m_d="1.000000" m_tx="-30.999994" m_ty="-36.000027"/>
  </frame>
  <frame idx="475" w="71" h="71" x="-2.499994" y="-7.500027">
   <element name="coffee0" layername="coffee" frame="0" z_index="2" m_a="1.000000" m_b="0.000000" m_c="0.000000" m_d="1.000000" m_tx="-30.999994" m_ty="-36.000027"/>
  </frame>
  <frame idx="500" w="71" h="71" x="-2.499994" y="-7.500027">
   <element name="coffee0" layername="coffee" frame="0" z_index="2" m_a="1.000000" m_b="0.000000" m_c="0.000000" m_d="1.000000" m_tx="-30.999994" m_ty="-36.000027"/>
  </frame>
  <frame idx="525" w="71" h="71" x="-2.499994" y="-7.500027">
   <element name="coffee0" layername="coffee" frame="0" z_index="2" m_a="1.000000" m_b="0.000000" m_c="0.000000" m_d="1.000000" m_tx="-30.999994" m_ty="-36.000027"/>
  </frame>
  <frame idx="550" w="71" h="71" x="-2.499994" y="-7.500027">
   <element name="coffee0" layername="coffee" frame="0" z_index="2" m_a="1.000000" m_b="0.000000" m_c="0.000000" m_d="1.000000" m_tx="-30.999994" m_ty="-36.000027"/>
  </frame>
  <frame idx="575" w="71" h="71" x="-2.499994" y="-7.500027">
   <element name="coffee0" layername="coffee" frame="0" z_index="2" m_a="1.000000" m_b="0.000000" m_c="0.000000" m_d="1.000000" m_tx="-30.999994" m_ty="-36.000027"/>
  </frame>
  <frame idx="600" w="71" h="71" x="-2.499994" y="-7.500027">
   <element name="coffee0" layername="coffee" frame="0" z_index="2" m_a="1.000000" m_b="0.000000" m_c="0.000000" m_d="1.000000" m_tx="-30.999994" m_ty="-36.000027"/>
  </frame>
  <frame idx="625" w="71" h="71" x="-2.499994" y="-7.500027">
   <element name="coffee0" layername="coffee" frame="0" z_index="2" m_a="1.000000" m_b="0.000000" m_c="0.000000" m_d="1.000000" m_tx="-30.999994" m_ty="-36.000027"/>
  </frame>
  <frame idx="650" w="71" h="71" x="-2.499994" y="-7.500027">
   <element name="coffee0" layername="coffee" frame="0" z_index="2" m_a="1.000000" m_b="0.000000" m_c="0.000000" m_d="1.000000" m_tx="-30.999994" m_ty="-36.000027"/>
  </frame>
  <frame idx="675" w="71" h="71" x="-2.499994" y="-7.500027">
   <element name="coffee0" layername="coffee" frame="0" z_index="2" m_a="1.000000" m_b="0.000000" m_c="0.000000" m_d="1.000000" m_tx="-30.999994" m_ty="-36.000027"/>
  </frame>
  <frame idx="700" w="71" h="71" x="-2.499994" y="-7.500027">
   <element name="coffee0" layername="coffee" frame="0" z_index="2" m_a="1.000000" m_b="0.000000" m_c="0.000000" m_d="1.000000" m_tx="-30.999994" m_ty="-36.000027"/>
  </frame>
  <frame idx="725" w="71" h="71" x="-2.499994" y="-7.500027">
   <element name="coffee0" layername="coffee" frame="0" z_index="2" m_a="1.000000" m_b="0.000000" m_c="0.000000" m_d="1.000000" m_tx="-30.999994" m_ty="-36.000027"/>
  </frame>
  <frame idx="750" w="71" h="71" x="-2.499994" y="-7.500027">
   <element name="coffee0" layername="coffee" frame="0" z_index="2" m_a="1.000000" m_b="0.000000" m_c="0.000000" m_d="1.000000" m_tx="-30.999994" m_ty="-36.000027"/>
  </frame>
  <frame idx="775" w="71" h="71" x="-2.499994" y="-7.500027">
   <element name="coffee0" layername="coffee" frame="0" z_index="2" m_a="1.000000" m_b="0.000000" m_c="0.000000" m_d="1.000000" m_tx="-30.999994" m_ty="-36.000027"/>
  </frame>
  <frame idx="800" w="71" h="71" x="-2.499994" y="-7.500027">
   <element name="coffee0" layername="coffee" frame="0" z_index="2" m_a="1.000000" m_b="0.000000" m_c="0.000000" m_d="1.000000" m_tx="-30.999994" m_ty="-36.000027"/>
  </frame>
  <frame idx="825" w="71" h="71" x="-2.499994" y="-7.500027">
   <element name="coffee0" layername="coffee" frame="0" z_index="2" m_a="1.000000" m_b="0.000000" m_c="0.000000" m_d="1.000000" m_tx="-30.999994" m_ty="-36.000027"/>
  </frame>
  <frame idx="850" w="71" h="71" x="-2.499994" y="-7.500027">
   <element name="coffee0" layername="coffee" frame="0" z_index="2" m_a="1.000000" m_b="0.000000" m_c="0.000000" m_d="1.000000" m_tx="-30.999994" m_ty="-36.000027"/>
  </frame>
  <frame idx="875" w="71" h="71" x="-2.499994" y="-7.500027">
   <element name="coffee0" layername="coffee" frame="0" z_index="2" m_a="1.000000" m_b="0.000000" m_c="0.000000" m_d="1.000000" m_tx="-30.999994" m_ty="-36.000027"/>
  </frame>
  <frame idx="900" w="71" h="71" x="-2.499994" y="-7.500027">
   <element name="coffee0" layername="coffee" frame="0" z_index="2" m_a="1.000000" m_b="0.000000" m_c="0.000000" m_d="1.000000" m_tx="-30.999994" m_ty="-36.000027"/>
  </frame>
  <frame idx="925" w="71" h="71" x="-2.499994" y="-7.500027">
   <element name="coffee0" layername="coffee" frame="0" z_index="2" m_a="1.000000" m_b="0.000000" m_c="0.000000" m_d="1.000000" m_tx="-30.999994" m_ty="-36.000027"/>
  </frame>
  <frame idx="950" w="71" h="71" x="-2.499994" y="-7.500027">
   <element name="coffee0" layername="coffee" frame="0" z_index="2" m_a="1.000000" m_b="0.000000" m_c="0.000000" m_d="1.000000" m_tx="-30.999994" m_ty="-36.000027"/>
  </frame>
  <frame idx="975" w="71" h="71" x="-2.499994" y="-7.500027">
   <element name="coffee0" layername="coffee" frame="0" z_index="2" m_a="1.000000" m_b="0.000000" m_c="0.000000" m_d="1.000000" m_tx="-30.999994" m_ty="-36.000027"/>
  </frame>
 </anim>
 <anim name="idle" root="coffee" numframes="1000" framerate="40">
  <frame idx="0" w="114" h="114" x="-3.199978" y="-0.427673">
   <element name="coffee0" layername="coffee" frame="0" z_index="2" m_a="1.600000" m_b="0.000000" m_c="0.000000" m_d="1.600000" m_tx="-49.199978" m_ty="-46.427673"/>
  </frame>
  <frame idx="25" w="114" h="114" x="-3.199978" y="-0.427673">
   <element name="coffee0" layername="coffee" frame="0" z_index="2" m_a="1.600000" m_b="0.000000" m_c="0.000000" m_d="1.600000" m_tx="-49.199978" m_ty="-46.427673"/>
  </frame>
  <frame idx="50" w="114" h="114" x="-3.199978" y="-0.427673">
   <element name="coffee0" layername="coffee" frame="0" z_index="2" m_a="1.600000" m_b="0.000000" m_c="0.000000" m_d="1.600000" m_tx="-49.199978" m_ty="-46.427673"/>
  </frame>
  <frame idx="75" w="114" h="114" x="-3.199978" y="-0.427673">
   <element name="coffee0" layername="coffee" frame="0" z_index="2" m_a="1.600000" m_b="0.000000" m_c="0.000000" m_d="1.600000" m_tx="-49.199978" m_ty="-46.427673"/>
  </frame>
  <frame idx="100" w="114" h="114" x="-3.199978" y="-0.427673">
   <element name="coffee0" layername="coffee" frame="0" z_index="2" m_a="1.600000" m_b="0.000000" m_c="0.000000" m_d="1.600000" m_tx="-49.199978" m_ty="-46.427673"/>
  </frame>
  <frame idx="125" w="114" h="114" x="-3.199978" y="-0.427673">
   <element name="coffee0" layername="coffee" frame="0" z_index="2" m_a="1.600000" m_b="0.000000" m_c="0.000000" m_d="1.600000" m_tx="-49.199978" m_ty="-46.427673"/>
  </frame>
  <frame idx="150" w="114" h="114" x="-3.199978" y="-0.427673">
   <element name="coffee0" layername="coffee" frame="0" z_index="2" m_a="1.600000" m_b="0.000000" m_c="0.000000" m_d="1.600000" m_tx="-49.199978" m_ty="-46.427673"/>
  </frame>
  <frame idx="175" w="114" h="114" x="-3.199978" y="-0.427673">
   <element name="coffee0" layername="coffee" frame="0" z_index="2" m_a="1.600000" m_b="0.000000" m_c="0.000000" m_d="1.600000" m_tx="-49.199978" m_ty="-46.427673"/>
  </frame>
  <frame idx="200" w="114" h="114" x="-3.199978" y="-0.427673">
   <element name="coffee0" layername="coffee" frame="0" z_index="2" m_a="1.600000" m_b="0.000000" m_c="0.000000" m_d="1.600000" m_tx="-49.199978" m_ty="-46.427673"/>
  </frame>
  <frame idx="225" w="114" h="114" x="-3.199978" y="-0.427673">
   <element name="coffee0" layername="coffee" frame="0" z_index="2" m_a="1.600000" m_b="0.000000" m_c="0.000000" m_d="1.600000" m_tx="-49.199978" m_ty="-46.427673"/>
  </frame>
  <frame idx="250" w="114" h="114" x="-3.199978" y="-0.427673">
   <element name="coffee0" layername="coffee" frame="0" z_index="2" m_a="1.600000" m_b="0.000000" m_c="0.000000" m_d="1.600000" m_tx="-49.199978" m_ty="-46.427673"/>
  </frame>
  <frame idx="275" w="114" h="114" x="-3.199978" y="-0.427673">
   <element name="coffee0" layername="coffee" frame="0" z_index="2" m_a="1.600000" m_b="0.000000" m_c="0.000000" m_d="1.600000" m_tx="-49.199978" m_ty="-46.427673"/>
  </frame>
  <frame idx="300" w="114" h="114" x="-3.199978" y="-0.427673">
   <element name="coffee0" layername="coffee" frame="0" z_index="2" m_a="1.600000" m_b="0.000000" m_c="0.000000" m_d="1.600000" m_tx="-49.199978" m_ty="-46.427673"/>
  </frame>
  <frame idx="325" w="114" h="114" x="-3.199978" y="-0.427673">
   <element name="coffee0" layername="coffee" frame="0" z_index="2" m_a="1.600000" m_b="0.000000" m_c="0.000000" m_d="1.600000" m_tx="-49.199978" m_ty="-46.427673"/>
  </frame>
  <frame idx="350" w="114" h="114" x="-3.199978" y="-0.427673">
   <element name="coffee0" layername="coffee" frame="0" z_index="2" m_a="1.600000" m_b="0.000000" m_c="0.000000" m_d="1.600000" m_tx="-49.199978" m_ty="-46.427673"/>
  </frame>
  <frame idx="375" w="114" h="114" x="-3.199978" y="-0.427673">
   <element name="coffee0" layername="coffee" frame="0" z_index="2" m_a="1.600000" m_b="0.000000" m_c="0.000000" m_d="1.600000" m_tx="-49.199978" m_ty="-46.427673"/>
  </frame>
  <frame idx="400" w="114" h="114" x="-3.199978" y="-0.427673">
   <element name="coffee0" layername="coffee" frame="0" z_index="2" m_a="1.600000" m_b="0.000000" m_c="0.000000" m_d="1.600000" m_tx="-49.199978" m_ty="-46.427673"/>
  </frame>
  <frame idx="425" w="114" h="114" x="-3.199978" y="-0.427673">
   <element name="coffee0" layername="coffee" frame="0" z_index="2" m_a="1.600000" m_b="0.000000" m_c="0.000000" m_d="1.600000" m_tx="-49.199978" m_ty="-46.427673"/>
  </frame>
  <frame idx="450" w="114" h="114" x="-3.199978" y="-0.427673">
   <element name="coffee0" layername="coffee" frame="0" z_index="2" m_a="1.600000" m_b="0.000000" m_c="0.000000" m_d="1.600000" m_tx="-49.199978" m_ty="-46.427673"/>
  </frame>
  <frame idx="475" w="114" h="114" x="-3.199978" y="-0.427673">
   <element name="coffee0" layername="coffee" frame="0" z_index="2" m_a="1.600000" m_b="0.000000" m_c="0.000000" m_d="1.600000" m_tx="-49.199978" m_ty="-46.427673"/>
  </frame>
  <frame idx="500" w="114" h="114" x="-3.199978" y="-0.427673">
   <element name="coffee0" layername="coffee" frame="0" z_index="2" m_a="1.600000" m_b="0.000000" m_c="0.000000" m_d="1.600000" m_tx="-49.199978" m_ty="-46.427673"/>
  </frame>
  <frame idx="525" w="114" h="114" x="-3.199978" y="-0.427673">
   <element name="coffee0" layername="coffee" frame="0" z_index="2" m_a="1.600000" m_b="0.000000" m_c="0.000000" m_d="1.600000" m_tx="-49.199978" m_ty="-46.427673"/>
  </frame>
  <frame idx="550" w="114" h="114" x="-3.199978" y="-0.427673">
   <element name="coffee0" layername="coffee" frame="0" z_index="2" m_a="1.600000" m_b="0.000000" m_c="0.000000" m_d="1.600000" m_tx="-49.199978" m_ty="-46.427673"/>
  </frame>
  <frame idx="575" w="114" h="114" x="-3.199978" y="-0.427673">
   <element name="coffee0" layername="coffee" frame="0" z_index="2" m_a="1.600000" m_b="0.000000" m_c="0.000000" m_d="1.600000" m_tx="-49.199978" m_ty="-46.427673"/>
  </frame>
  <frame idx="600" w="114" h="114" x="-3.199978" y="-0.427673">
   <element name="coffee0" layername="coffee" frame="0" z_index="2" m_a="1.600000" m_b="0.000000" m_c="0.000000" m_d="1.600000" m_tx="-49.199978" m_ty="-46.427673"/>
  </frame>
  <frame idx="625" w="114" h="114" x="-3.199978" y="-0.427673">
   <element name="coffee0" layername="coffee" frame="0" z_index="2" m_a="1.600000" m_b="0.000000" m_c="0.000000" m_d="1.600000" m_tx="-49.199978" m_ty="-46.427673"/>
  </frame>
  <frame idx="650" w="114" h="114" x="-3.199978" y="-0.427673">
   <element name="coffee0" layername="coffee" frame="0" z_index="2" m_a="1.600000" m_b="0.000000" m_c="0.000000" m_d="1.600000" m_tx="-49.199978" m_ty="-46.427673"/>
  </frame>
  <frame idx="675" w="114" h="114" x="-3.199978" y="-0.427673">
   <element name="coffee0" layername="coffee" frame="0" z_index="2" m_a="1.600000" m_b="0.000000" m_c="0.000000" m_d="1.600000" m_tx="-49.199978" m_ty="-46.427673"/>
  </frame>
  <frame idx="700" w="114" h="114" x="-3.199978" y="-0.427673">
   <element name="coffee0" layername="coffee" frame="0" z_index="2" m_a="1.600000" m_b="0.000000" m_c="0.000000" m_d="1.600000" m_tx="-49.199978" m_ty="-46.427673"/>
  </frame>
  <frame idx="725" w="114" h="114" x="-3.199978" y="-0.427673">
   <element name="coffee0" layername="coffee" frame="0" z_index="2" m_a="1.600000" m_b="0.000000" m_c="0.000000" m_d="1.600000" m_tx="-49.199978" m_ty="-46.427673"/>
  </frame>
  <frame idx="750" w="114" h="114" x="-3.199978" y="-0.427673">
   <element name="coffee0" layername="coffee" frame="0" z_index="2" m_a="1.600000" m_b="0.000000" m_c="0.000000" m_d="1.600000" m_tx="-49.199978" m_ty="-46.427673"/>
  </frame>
  <frame idx="775" w="114" h="114" x="-3.199978" y="-0.427673">
   <element name="coffee0" layername="coffee" frame="0" z_index="2" m_a="1.600000" m_b="0.000000" m_c="0.000000" m_d="1.600000" m_tx="-49.199978" m_ty="-46.427673"/>
  </frame>
  <frame idx="800" w="114" h="114" x="-3.199978" y="-0.427673">
   <element name="coffee0" layername="coffee" frame="0" z_index="2" m_a="1.600000" m_b="0.000000" m_c="0.000000" m_d="1.600000" m_tx="-49.199978" m_ty="-46.427673"/>
  </frame>
  <frame idx="825" w="114" h="114" x="-3.199978" y="-0.427673">
   <element name="coffee0" layername="coffee" frame="0" z_index="2" m_a="1.600000" m_b="0.000000" m_c="0.000000" m_d="1.600000" m_tx="-49.199978" m_ty="-46.427673"/>
  </frame>
  <frame idx="850" w="114" h="114" x="-3.199978" y="-0.427673">
   <element name="coffee0" layername="coffee" frame="0" z_index="2" m_a="1.600000" m_b="0.000000" m_c="0.000000" m_d="1.600000" m_tx="-49.199978" m_ty="-46.427673"/>
  </frame>
  <frame idx="875" w="114" h="114" x="-3.199978" y="-0.427673">
   <element name="coffee0" layername="coffee" frame="0" z_index="2" m_a="1.600000" m_b="0.000000" m_c="0.000000" m_d="1.600000" m_tx="-49.199978" m_ty="-46.427673"/>
  </frame>
  <frame idx="900" w="114" h="114" x="-3.199978" y="-0.427673">
   <element name="coffee0" layername="coffee" frame="0" z_index="2" m_a="1.600000" m_b="0.000000" m_c="0.000000" m_d="1.600000" m_tx="-49.199978" m_ty="-46.427673"/>
  </frame>
  <frame idx="925" w="114" h="114" x="-3.199978" y="-0.427673">
   <element name="coffee0" layername="coffee" frame="0" z_index="2" m_a="1.600000" m_b="0.000000" m_c="0.000000" m_d="1.600000" m_tx="-49.199978" m_ty="-46.427673"/>
  </frame>
  <frame idx="950" w="114" h="114" x="-3.199978" y="-0.427673">
   <element name="coffee0" layername="coffee" frame="0" z_index="2" m_a="1.600000" m_b="0.000000" m_c="0.000000" m_d="1.600000" m_tx="-49.199978" m_ty="-46.427673"/>
  </frame>
  <frame idx="975" w="114" h="114" x="-3.199978" y="-0.427673">
   <element name="coffee0" layername="coffee" frame="0" z_index="2" m_a="1.600000" m_b="0.000000" m_c="0.000000" m_d="1.600000" m_tx="-49.199978" m_ty="-46.427673"/>
  </frame>
 </anim>
</Anims>
