<Anims>
 <anim name="idle" root="coffee" numframes="1000" framerate="40">
  <frame idx="0" w="71" h="71" x="-2.500000" y="-5.500000">
   <element name="coffee0" layername="coffee" frame="0" z_index="3" m_a="1.000000" m_b="0.000000" m_c="0.000000" m_d="1.000000" m_tx="-31.000000" m_ty="-34.000000"/>
  </frame>
  <frame idx="25" w="71" h="71" x="-2.500000" y="-5.500000">
   <element name="coffee0" layername="coffee" frame="0" z_index="3" m_a="1.000000" m_b="0.000000" m_c="0.000000" m_d="1.000000" m_tx="-31.000000" m_ty="-34.000000"/>
  </frame>
  <frame idx="50" w="71" h="71" x="-2.500000" y="-5.500000">
   <element name="coffee0" layername="coffee" frame="0" z_index="3" m_a="1.000000" m_b="0.000000" m_c="0.000000" m_d="1.000000" m_tx="-31.000000" m_ty="-34.000000"/>
  </frame>
  <frame idx="75" w="71" h="71" x="-2.500000" y="-5.500000">
   <element name="coffee0" layername="coffee" frame="0" z_index="3" m_a="1.000000" m_b="0.000000" m_c="0.000000" m_d="1.000000" m_tx="-31.000000" m_ty="-34.000000"/>
  </frame>
  <frame idx="100" w="71" h="71" x="-2.500000" y="-5.500000">
   <element name="coffee0" layername="coffee" frame="0" z_index="3" m_a="1.000000" m_b="0.000000" m_c="0.000000" m_d="1.000000" m_tx="-31.000000" m_ty="-34.000000"/>
  </frame>
  <frame idx="125" w="71" h="71" x="-2.500000" y="-5.500000">
   <element name="coffee0" layername="coffee" frame="0" z_index="3" m_a="1.000000" m_b="0.000000" m_c="0.000000" m_d="1.000000" m_tx="-31.000000" m_ty="-34.000000"/>
  </frame>
  <frame idx="150" w="71" h="71" x="-2.500000" y="-5.500000">
   <element name="coffee0" layername="coffee" frame="0" z_index="3" m_a="1.000000" m_b="0.000000" m_c="0.000000" m_d="1.000000" m_tx="-31.000000" m_ty="-34.000000"/>
  </frame>
  <frame idx="175" w="71" h="71" x="-2.500000" y="-5.500000">
   <element name="coffee0" layername="coffee" frame="0" z_index="3" m_a="1.000000" m_b="0.000000" m_c="0.000000" m_d="1.000000" m_tx="-31.000000" m_ty="-34.000000"/>
  </frame>
  <frame idx="200" w="71" h="71" x="-2.500000" y="-5.500000">
   <element name="coffee0" layername="coffee" frame="0" z_index="3" m_a="1.000000" m_b="0.000000" m_c="0.000000" m_d="1.000000" m_tx="-31.000000" m_ty="-34.000000"/>
  </frame>
  <frame idx="225" w="71" h="71" x="-2.500000" y="-5.500000">
   <element name="coffee0" layername="coffee" frame="0" z_index="3" m_a="1.000000" m_b="0.000000" m_c="0.000000" m_d="1.000000" m_tx="-31.000000" m_ty="-34.000000"/>
  </frame>
  <frame idx="250" w="71" h="71" x="-2.500000" y="-5.500000">
   <element name="coffee0" layername="coffee" frame="0" z_index="3" m_a="1.000000" m_b="0.000000" m_c="0.000000" m_d="1.000000" m_tx="-31.000000" m_ty="-34.000000"/>
  </frame>
  <frame idx="275" w="71" h="71" x="-2.500000" y="-5.500000">
   <element name="coffee0" layername="coffee" frame="0" z_index="3" m_a="1.000000" m_b="0.000000" m_c="0.000000" m_d="1.000000" m_tx="-31.000000" m_ty="-34.000000"/>
  </frame>
  <frame idx="300" w="71" h="71" x="-2.500000" y="-5.500000">
   <element name="coffee0" layername="coffee" frame="0" z_index="3" m_a="1.000000" m_b="0.000000" m_c="0.000000" m_d="1.000000" m_tx="-31.000000" m_ty="-34.000000"/>
  </frame>
  <frame idx="325" w="71" h="71" x="-2.500000" y="-5.500000">
   <element name="coffee0" layername="coffee" frame="0" z_index="3" m_a="1.000000" m_b="0.000000" m_c="0.000000" m_d="1.000000" m_tx="-31.000000" m_ty="-34.000000"/>
  </frame>
  <frame idx="350" w="71" h="71" x="-2.500000" y="-5.500000">
   <element name="coffee0" layername="coffee" frame="0" z_index="3" m_a="1.000000" m_b="0.000000" m_c="0.000000" m_d="1.000000" m_tx="-31.000000" m_ty="-34.000000"/>
  </frame>
  <frame idx="375" w="71" h="71" x="-2.500000" y="-5.500000">
   <element name="coffee0" layername="coffee" frame="0" z_index="3" m_a="1.000000" m_b="0.000000" m_c="0.000000" m_d="1.000000" m_tx="-31.000000" m_ty="-34.000000"/>
  </frame>
  <frame idx="400" w="71" h="71" x="-2.500000" y="-5.500000">
   <element name="coffee0" layername="coffee" frame="0" z_index="3" m_a="1.000000" m_b="0.000000" m_c="0.000000" m_d="1.000000" m_tx="-31.000000" m_ty="-34.000000"/>
  </frame>
  <frame idx="425" w="71" h="71" x="-2.500000" y="-5.500000">
   <element name="coffee0" layername="coffee" frame="0" z_index="3" m_a="1.000000" m_b="0.000000" m_c="0.000000" m_d="1.000000" m_tx="-31.000000" m_ty="-34.000000"/>
  </frame>
  <frame idx="450" w="71" h="71" x="-2.500000" y="-5.500000">
   <element name="coffee0" layername="coffee" frame="0" z_index="3" m_a="1.000000" m_b="0.000000" m_c="0.000000" m_d="1.000000" m_tx="-31.000000" m_ty="-34.000000"/>
  </frame>
  <frame idx="475" w="71" h="71" x="-2.500000" y="-5.500000">
   <element name="coffee0" layername="coffee" frame="0" z_index="3" m_a="1.000000" m_b="0.000000" m_c="0.000000" m_d="1.000000" m_tx="-31.000000" m_ty="-34.000000"/>
  </frame>
  <frame idx="500" w="71" h="71" x="-2.500000" y="-5.500000">
   <element name="coffee0" layername="coffee" frame="0" z_index="3" m_a="1.000000" m_b="0.000000" m_c="0.000000" m_d="1.000000" m_tx="-31.000000" m_ty="-34.000000"/>
  </frame>
  <frame idx="525" w="71" h="71" x="-2.500000" y="-5.500000">
   <element name="coffee0" layername="coffee" frame="0" z_index="3" m_a="1.000000" m_b="0.000000" m_c="0.000000" m_d="1.000000" m_tx="-31.000000" m_ty="-34.000000"/>
  </frame>
  <frame idx="550" w="71" h="71" x="-2.500000" y="-5.500000">
   <element name="coffee0" layername="coffee" frame="0" z_index="3" m_a="1.000000" m_b="0.000000" m_c="0.000000" m_d="1.000000" m_tx="-31.000000" m_ty="-34.000000"/>
  </frame>
  <frame idx="575" w="71" h="71" x="-2.500000" y="-5.500000">
   <element name="coffee0" layername="coffee" frame="0" z_index="3" m_a="1.000000" m_b="0.000000" m_c="0.000000" m_d="1.000000" m_tx="-31.000000" m_ty="-34.000000"/>
  </frame>
  <frame idx="600" w="71" h="71" x="-2.500000" y="-5.500000">
   <element name="coffee0" layername="coffee" frame="0" z_index="3" m_a="1.000000" m_b="0.000000" m_c="0.000000" m_d="1.000000" m_tx="-31.000000" m_ty="-34.000000"/>
  </frame>
  <frame idx="625" w="71" h="71" x="-2.500000" y="-5.500000">
   <element name="coffee0" layername="coffee" frame="0" z_index="3" m_a="1.000000" m_b="0.000000" m_c="0.000000" m_d="1.000000" m_tx="-31.000000" m_ty="-34.000000"/>
  </frame>
  <frame idx="650" w="71" h="71" x="-2.500000" y="-5.500000">
   <element name="coffee0" layername="coffee" frame="0" z_index="3" m_a="1.000000" m_b="0.000000" m_c="0.000000" m_d="1.000000" m_tx="-31.000000" m_ty="-34.000000"/>
  </frame>
  <frame idx="675" w="71" h="71" x="-2.500000" y="-5.500000">
   <element name="coffee0" layername="coffee" frame="0" z_index="3" m_a="1.000000" m_b="0.000000" m_c="0.000000" m_d="1.000000" m_tx="-31.000000" m_ty="-34.000000"/>
  </frame>
  <frame idx="700" w="71" h="71" x="-2.500000" y="-5.500000">
   <element name="coffee0" layername="coffee" frame="0" z_index="3" m_a="1.000000" m_b="0.000000" m_c="0.000000" m_d="1.000000" m_tx="-31.000000" m_ty="-34.000000"/>
  </frame>
  <frame idx="725" w="71" h="71" x="-2.500000" y="-5.500000">
   <element name="coffee0" layername="coffee" frame="0" z_index="3" m_a="1.000000" m_b="0.000000" m_c="0.000000" m_d="1.000000" m_tx="-31.000000" m_ty="-34.000000"/>
  </frame>
  <frame idx="750" w="71" h="71" x="-2.500000" y="-5.500000">
   <element name="coffee0" layername="coffee" frame="0" z_index="3" m_a="1.000000" m_b="0.000000" m_c="0.000000" m_d="1.000000" m_tx="-31.000000" m_ty="-34.000000"/>
  </frame>
  <frame idx="775" w="71" h="71" x="-2.500000" y="-5.500000">
   <element name="coffee0" layername="coffee" frame="0" z_index="3" m_a="1.000000" m_b="0.000000" m_c="0.000000" m_d="1.000000" m_tx="-31.000000" m_ty="-34.000000"/>
  </frame>
  <frame idx="800" w="71" h="71" x="-2.500000" y="-5.500000">
   <element name="coffee0" layername="coffee" frame="0" z_index="3" m_a="1.000000" m_b="0.000000" m_c="0.000000" m_d="1.000000" m_tx="-31.000000" m_ty="-34.000000"/>
  </frame>
  <frame idx="825" w="71" h="71" x="-2.500000" y="-5.500000">
   <element name="coffee0" layername="coffee" frame="0" z_index="3" m_a="1.000000" m_b="0.000000" m_c="0.000000" m_d="1.000000" m_tx="-31.000000" m_ty="-34.000000"/>
  </frame>
  <frame idx="850" w="71" h="71" x="-2.500000" y="-5.500000">
   <element name="coffee0" layername="coffee" frame="0" z_index="3" m_a="1.000000" m_b="0.000000" m_c="0.000000" m_d="1.000000" m_tx="-31.000000" m_ty="-34.000000"/>
  </frame>
  <frame idx="875" w="71" h="71" x="-2.500000" y="-5.500000">
   <element name="coffee0" layername="coffee" frame="0" z_index="3" m_a="1.000000" m_b="0.000000" m_c="0.000000" m_d="1.000000" m_tx="-31.000000" m_ty="-34.000000"/>
  </frame>
  <frame idx="900" w="71" h="71" x="-2.500000" y="-5.500000">
   <element name="coffee0" layername="coffee" frame="0" z_index="3" m_a="1.000000" m_b="0.000000" m_c="0.000000" m_d="1.000000" m_tx="-31.000000" m_ty="-34.000000"/>
  </frame>
  <frame idx="925" w="71" h="71" x="-2.500000" y="-5.500000">
   <element name="coffee0" layername="coffee" frame="0" z_index="3" m_a="1.000000" m_b="0.000000" m_c="0.000000" m_d="1.000000" m_tx="-31.000000" m_ty="-34.000000"/>
  </frame>
  <frame idx="950" w="71" h="71" x="-2.500000" y="-5.500000">
   <element name="coffee0" layername="coffee" frame="0" z_index="3" m_a="1.000000" m_b="0.000000" m_c="0.000000" m_d="1.000000" m_tx="-31.000000" m_ty="-34.000000"/>
  </frame>
  <frame idx="975" w="71" h="71" x="-2.500000" y="-5.500000">
   <element name="coffee0" layername="coffee" frame="0" z_index="3" m_a="1.000000" m_b="0.000000" m_c="0.000000" m_d="1.000000" m_tx="-31.000000" m_ty="-34.000000"/>
  </frame>
 </anim>
 <anim name="cooked" root="coffeebean" numframes="1000" framerate="40">
  <frame idx="0" w="71" h="71" x="-1.500000" y="-2.500000">
   <element name="coffee0" layername="coffeebean_cooked" frame="2" z_index="3" m_a="1.000000" m_b="0.000000" m_c="0.000000" m_d="1.000000" m_tx="-30.000000" m_ty="-31.000000"/>
  </frame>
  <frame idx="25" w="71" h="71" x="-1.500000" y="-2.500000">
   <element name="coffee0" layername="coffeebean_cooked" frame="2" z_index="3" m_a="1.000000" m_b="0.000000" m_c="0.000000" m_d="1.000000" m_tx="-30.000000" m_ty="-31.000000"/>
  </frame>
  <frame idx="50" w="71" h="71" x="-1.500000" y="-2.500000">
   <element name="coffee0" layername="coffeebean_cooked" frame="2" z_index="3" m_a="1.000000" m_b="0.000000" m_c="0.000000" m_d="1.000000" m_tx="-30.000000" m_ty="-31.000000"/>
  </frame>
  <frame idx="75" w="71" h="71" x="-1.500000" y="-2.500000">
   <element name="coffee0" layername="coffeebean_cooked" frame="2" z_index="3" m_a="1.000000" m_b="0.000000" m_c="0.000000" m_d="1.000000" m_tx="-30.000000" m_ty="-31.000000"/>
  </frame>
  <frame idx="100" w="71" h="71" x="-1.500000" y="-2.500000">
   <element name="coffee0" layername="coffeebean_cooked" frame="2" z_index="3" m_a="1.000000" m_b="0.000000" m_c="0.000000" m_d="1.000000" m_tx="-30.000000" m_ty="-31.000000"/>
  </frame>
  <frame idx="125" w="71" h="71" x="-1.500000" y="-2.500000">
   <element name="coffee0" layername="coffeebean_cooked" frame="2" z_index="3" m_a="1.000000" m_b="0.000000" m_c="0.000000" m_d="1.000000" m_tx="-30.000000" m_ty="-31.000000"/>
  </frame>
  <frame idx="150" w="71" h="71" x="-1.500000" y="-2.500000">
   <element name="coffee0" layername="coffeebean_cooked" frame="2" z_index="3" m_a="1.000000" m_b="0.000000" m_c="0.000000" m_d="1.000000" m_tx="-30.000000" m_ty="-31.000000"/>
  </frame>
  <frame idx="175" w="71" h="71" x="-1.500000" y="-2.500000">
   <element name="coffee0" layername="coffeebean_cooked" frame="2" z_index="3" m_a="1.000000" m_b="0.000000" m_c="0.000000" m_d="1.000000" m_tx="-30.000000" m_ty="-31.000000"/>
  </frame>
  <frame idx="200" w="71" h="71" x="-1.500000" y="-2.500000">
   <element name="coffee0" layername="coffeebean_cooked" frame="2" z_index="3" m_a="1.000000" m_b="0.000000" m_c="0.000000" m_d="1.000000" m_tx="-30.000000" m_ty="-31.000000"/>
  </frame>
  <frame idx="225" w="71" h="71" x="-1.500000" y="-2.500000">
   <element name="coffee0" layername="coffeebean_cooked" frame="2" z_index="3" m_a="1.000000" m_b="0.000000" m_c="0.000000" m_d="1.000000" m_tx="-30.000000" m_ty="-31.000000"/>
  </frame>
  <frame idx="250" w="71" h="71" x="-1.500000" y="-2.500000">
   <element name="coffee0" layername="coffeebean_cooked" frame="2" z_index="3" m_a="1.000000" m_b="0.000000" m_c="0.000000" m_d="1.000000" m_tx="-30.000000" m_ty="-31.000000"/>
  </frame>
  <frame idx="275" w="71" h="71" x="-1.500000" y="-2.500000">
   <element name="coffee0" layername="coffeebean_cooked" frame="2" z_index="3" m_a="1.000000" m_b="0.000000" m_c="0.000000" m_d="1.000000" m_tx="-30.000000" m_ty="-31.000000"/>
  </frame>
  <frame idx="300" w="71" h="71" x="-1.500000" y="-2.500000">
   <element name="coffee0" layername="coffeebean_cooked" frame="2" z_index="3" m_a="1.000000" m_b="0.000000" m_c="0.000000" m_d="1.000000" m_tx="-30.000000" m_ty="-31.000000"/>
  </frame>
  <frame idx="325" w="71" h="71" x="-1.500000" y="-2.500000">
   <element name="coffee0" layername="coffeebean_cooked" frame="2" z_index="3" m_a="1.000000" m_b="0.000000" m_c="0.000000" m_d="1.000000" m_tx="-30.000000" m_ty="-31.000000"/>
  </frame>
  <frame idx="350" w="71" h="71" x="-1.500000" y="-2.500000">
   <element name="coffee0" layername="coffeebean_cooked" frame="2" z_index="3" m_a="1.000000" m_b="0.000000" m_c="0.000000" m_d="1.000000" m_tx="-30.000000" m_ty="-31.000000"/>
  </frame>
  <frame idx="375" w="71" h="71" x="-1.500000" y="-2.500000">
   <element name="coffee0" layername="coffeebean_cooked" frame="2" z_index="3" m_a="1.000000" m_b="0.000000" m_c="0.000000" m_d="1.000000" m_tx="-30.000000" m_ty="-31.000000"/>
  </frame>
  <frame idx="400" w="71" h="71" x="-1.500000" y="-2.500000">
   <element name="coffee0" layername="coffeebean_cooked" frame="2" z_index="3" m_a="1.000000" m_b="0.000000" m_c="0.000000" m_d="1.000000" m_tx="-30.000000" m_ty="-31.000000"/>
  </frame>
  <frame idx="425" w="71" h="71" x="-1.500000" y="-2.500000">
   <element name="coffee0" layername="coffeebean_cooked" frame="2" z_index="3" m_a="1.000000" m_b="0.000000" m_c="0.000000" m_d="1.000000" m_tx="-30.000000" m_ty="-31.000000"/>
  </frame>
  <frame idx="450" w="71" h="71" x="-1.500000" y="-2.500000">
   <element name="coffee0" layername="coffeebean_cooked" frame="2" z_index="3" m_a="1.000000" m_b="0.000000" m_c="0.000000" m_d="1.000000" m_tx="-30.000000" m_ty="-31.000000"/>
  </frame>
  <frame idx="475" w="71" h="71" x="-1.500000" y="-2.500000">
   <element name="coffee0" layername="coffeebean_cooked" frame="2" z_index="3" m_a="1.000000" m_b="0.000000" m_c="0.000000" m_d="1.000000" m_tx="-30.000000" m_ty="-31.000000"/>
  </frame>
  <frame idx="500" w="71" h="71" x="-1.500000" y="-2.500000">
   <element name="coffee0" layername="coffeebean_cooked" frame="2" z_index="3" m_a="1.000000" m_b="0.000000" m_c="0.000000" m_d="1.000000" m_tx="-30.000000" m_ty="-31.000000"/>
  </frame>
  <frame idx="525" w="71" h="71" x="-1.500000" y="-2.500000">
   <element name="coffee0" layername="coffeebean_cooked" frame="2" z_index="3" m_a="1.000000" m_b="0.000000" m_c="0.000000" m_d="1.000000" m_tx="-30.000000" m_ty="-31.000000"/>
  </frame>
  <frame idx="550" w="71" h="71" x="-1.500000" y="-2.500000">
   <element name="coffee0" layername="coffeebean_cooked" frame="2" z_index="3" m_a="1.000000" m_b="0.000000" m_c="0.000000" m_d="1.000000" m_tx="-30.000000" m_ty="-31.000000"/>
  </frame>
  <frame idx="575" w="71" h="71" x="-1.500000" y="-2.500000">
   <element name="coffee0" layername="coffeebean_cooked" frame="2" z_index="3" m_a="1.000000" m_b="0.000000" m_c="0.000000" m_d="1.000000" m_tx="-30.000000" m_ty="-31.000000"/>
  </frame>
  <frame idx="600" w="71" h="71" x="-1.500000" y="-2.500000">
   <element name="coffee0" layername="coffeebean_cooked" frame="2" z_index="3" m_a="1.000000" m_b="0.000000" m_c="0.000000" m_d="1.000000" m_tx="-30.000000" m_ty="-31.000000"/>
  </frame>
  <frame idx="625" w="71" h="71" x="-1.500000" y="-2.500000">
   <element name="coffee0" layername="coffeebean_cooked" frame="2" z_index="3" m_a="1.000000" m_b="0.000000" m_c="0.000000" m_d="1.000000" m_tx="-30.000000" m_ty="-31.000000"/>
  </frame>
  <frame idx="650" w="71" h="71" x="-1.500000" y="-2.500000">
   <element name="coffee0" layername="coffeebean_cooked" frame="2" z_index="3" m_a="1.000000" m_b="0.000000" m_c="0.000000" m_d="1.000000" m_tx="-30.000000" m_ty="-31.000000"/>
  </frame>
  <frame idx="675" w="71" h="71" x="-1.500000" y="-2.500000">
   <element name="coffee0" layername="coffeebean_cooked" frame="2" z_index="3" m_a="1.000000" m_b="0.000000" m_c="0.000000" m_d="1.000000" m_tx="-30.000000" m_ty="-31.000000"/>
  </frame>
  <frame idx="700" w="71" h="71" x="-1.500000" y="-2.500000">
   <element name="coffee0" layername="coffeebean_cooked" frame="2" z_index="3" m_a="1.000000" m_b="0.000000" m_c="0.000000" m_d="1.000000" m_tx="-30.000000" m_ty="-31.000000"/>
  </frame>
  <frame idx="725" w="71" h="71" x="-1.500000" y="-2.500000">
   <element name="coffee0" layername="coffeebean_cooked" frame="2" z_index="3" m_a="1.000000" m_b="0.000000" m_c="0.000000" m_d="1.000000" m_tx="-30.000000" m_ty="-31.000000"/>
  </frame>
  <frame idx="750" w="71" h="71" x="-1.500000" y="-2.500000">
   <element name="coffee0" layername="coffeebean_cooked" frame="2" z_index="3" m_a="1.000000" m_b="0.000000" m_c="0.000000" m_d="1.000000" m_tx="-30.000000" m_ty="-31.000000"/>
  </frame>
  <frame idx="775" w="71" h="71" x="-1.500000" y="-2.500000">
   <element name="coffee0" layername="coffeebean_cooked" frame="2" z_index="3" m_a="1.000000" m_b="0.000000" m_c="0.000000" m_d="1.000000" m_tx="-30.000000" m_ty="-31.000000"/>
  </frame>
  <frame idx="800" w="71" h="71" x="-1.500000" y="-2.500000">
   <element name="coffee0" layername="coffeebean_cooked" frame="2" z_index="3" m_a="1.000000" m_b="0.000000" m_c="0.000000" m_d="1.000000" m_tx="-30.000000" m_ty="-31.000000"/>
  </frame>
  <frame idx="825" w="71" h="71" x="-1.500000" y="-2.500000">
   <element name="coffee0" layername="coffeebean_cooked" frame="2" z_index="3" m_a="1.000000" m_b="0.000000" m_c="0.000000" m_d="1.000000" m_tx="-30.000000" m_ty="-31.000000"/>
  </frame>
  <frame idx="850" w="71" h="71" x="-1.500000" y="-2.500000">
   <element name="coffee0" layername="coffeebean_cooked" frame="2" z_index="3" m_a="1.000000" m_b="0.000000" m_c="0.000000" m_d="1.000000" m_tx="-30.000000" m_ty="-31.000000"/>
  </frame>
  <frame idx="875" w="71" h="71" x="-1.500000" y="-2.500000">
   <element name="coffee0" layername="coffeebean_cooked" frame="2" z_index="3" m_a="1.000000" m_b="0.000000" m_c="0.000000" m_d="1.000000" m_tx="-30.000000" m_ty="-31.000000"/>
  </frame>
  <frame idx="900" w="71" h="71" x="-1.500000" y="-2.500000">
   <element name="coffee0" layername="coffeebean_cooked" frame="2" z_index="3" m_a="1.000000" m_b="0.000000" m_c="0.000000" m_d="1.000000" m_tx="-30.000000" m_ty="-31.000000"/>
  </frame>
  <frame idx="925" w="71" h="71" x="-1.500000" y="-2.500000">
   <element name="coffee0" layername="coffeebean_cooked" frame="2" z_index="3" m_a="1.000000" m_b="0.000000" m_c="0.000000" m_d="1.000000" m_tx="-30.000000" m_ty="-31.000000"/>
  </frame>
  <frame idx="950" w="71" h="71" x="-1.500000" y="-2.500000">
   <element name="coffee0" layername="coffeebean_cooked" frame="2" z_index="3" m_a="1.000000" m_b="0.000000" m_c="0.000000" m_d="1.000000" m_tx="-30.000000" m_ty="-31.000000"/>
  </frame>
  <frame idx="975" w="71" h="71" x="-1.500000" y="-2.500000">
   <element name="coffee0" layername="coffeebean_cooked" frame="2" z_index="3" m_a="1.000000" m_b="0.000000" m_c="0.000000" m_d="1.000000" m_tx="-30.000000" m_ty="-31.000000"/>
  </frame>
 </anim>
 <anim name="idle" root="coffeebean" numframes="1000" framerate="40">
  <frame idx="0" w="71" h="71" x="-1.500000" y="-2.500000">
   <element name="coffee0" layername="coffeebean" frame="1" z_index="3" m_a="1.000000" m_b="0.000000" m_c="0.000000" m_d="1.000000" m_tx="-30.000000" m_ty="-31.000000"/>
  </frame>
  <frame idx="25" w="71" h="71" x="-1.500000" y="-2.500000">
   <element name="coffee0" layername="coffeebean" frame="1" z_index="3" m_a="1.000000" m_b="0.000000" m_c="0.000000" m_d="1.000000" m_tx="-30.000000" m_ty="-31.000000"/>
  </frame>
  <frame idx="50" w="71" h="71" x="-1.500000" y="-2.500000">
   <element name="coffee0" layername="coffeebean" frame="1" z_index="3" m_a="1.000000" m_b="0.000000" m_c="0.000000" m_d="1.000000" m_tx="-30.000000" m_ty="-31.000000"/>
  </frame>
  <frame idx="75" w="71" h="71" x="-1.500000" y="-2.500000">
   <element name="coffee0" layername="coffeebean" frame="1" z_index="3" m_a="1.000000" m_b="0.000000" m_c="0.000000" m_d="1.000000" m_tx="-30.000000" m_ty="-31.000000"/>
  </frame>
  <frame idx="100" w="71" h="71" x="-1.500000" y="-2.500000">
   <element name="coffee0" layername="coffeebean" frame="1" z_index="3" m_a="1.000000" m_b="0.000000" m_c="0.000000" m_d="1.000000" m_tx="-30.000000" m_ty="-31.000000"/>
  </frame>
  <frame idx="125" w="71" h="71" x="-1.500000" y="-2.500000">
   <element name="coffee0" layername="coffeebean" frame="1" z_index="3" m_a="1.000000" m_b="0.000000" m_c="0.000000" m_d="1.000000" m_tx="-30.000000" m_ty="-31.000000"/>
  </frame>
  <frame idx="150" w="71" h="71" x="-1.500000" y="-2.500000">
   <element name="coffee0" layername="coffeebean" frame="1" z_index="3" m_a="1.000000" m_b="0.000000" m_c="0.000000" m_d="1.000000" m_tx="-30.000000" m_ty="-31.000000"/>
  </frame>
  <frame idx="175" w="71" h="71" x="-1.500000" y="-2.500000">
   <element name="coffee0" layername="coffeebean" frame="1" z_index="3" m_a="1.000000" m_b="0.000000" m_c="0.000000" m_d="1.000000" m_tx="-30.000000" m_ty="-31.000000"/>
  </frame>
  <frame idx="200" w="71" h="71" x="-1.500000" y="-2.500000">
   <element name="coffee0" layername="coffeebean" frame="1" z_index="3" m_a="1.000000" m_b="0.000000" m_c="0.000000" m_d="1.000000" m_tx="-30.000000" m_ty="-31.000000"/>
  </frame>
  <frame idx="225" w="71" h="71" x="-1.500000" y="-2.500000">
   <element name="coffee0" layername="coffeebean" frame="1" z_index="3" m_a="1.000000" m_b="0.000000" m_c="0.000000" m_d="1.000000" m_tx="-30.000000" m_ty="-31.000000"/>
  </frame>
  <frame idx="250" w="71" h="71" x="-1.500000" y="-2.500000">
   <element name="coffee0" layername="coffeebean" frame="1" z_index="3" m_a="1.000000" m_b="0.000000" m_c="0.000000" m_d="1.000000" m_tx="-30.000000" m_ty="-31.000000"/>
  </frame>
  <frame idx="275" w="71" h="71" x="-1.500000" y="-2.500000">
   <element name="coffee0" layername="coffeebean" frame="1" z_index="3" m_a="1.000000" m_b="0.000000" m_c="0.000000" m_d="1.000000" m_tx="-30.000000" m_ty="-31.000000"/>
  </frame>
  <frame idx="300" w="71" h="71" x="-1.500000" y="-2.500000">
   <element name="coffee0" layername="coffeebean" frame="1" z_index="3" m_a="1.000000" m_b="0.000000" m_c="0.000000" m_d="1.000000" m_tx="-30.000000" m_ty="-31.000000"/>
  </frame>
  <frame idx="325" w="71" h="71" x="-1.500000" y="-2.500000">
   <element name="coffee0" layername="coffeebean" frame="1" z_index="3" m_a="1.000000" m_b="0.000000" m_c="0.000000" m_d="1.000000" m_tx="-30.000000" m_ty="-31.000000"/>
  </frame>
  <frame idx="350" w="71" h="71" x="-1.500000" y="-2.500000">
   <element name="coffee0" layername="coffeebean" frame="1" z_index="3" m_a="1.000000" m_b="0.000000" m_c="0.000000" m_d="1.000000" m_tx="-30.000000" m_ty="-31.000000"/>
  </frame>
  <frame idx="375" w="71" h="71" x="-1.500000" y="-2.500000">
   <element name="coffee0" layername="coffeebean" frame="1" z_index="3" m_a="1.000000" m_b="0.000000" m_c="0.000000" m_d="1.000000" m_tx="-30.000000" m_ty="-31.000000"/>
  </frame>
  <frame idx="400" w="71" h="71" x="-1.500000" y="-2.500000">
   <element name="coffee0" layername="coffeebean" frame="1" z_index="3" m_a="1.000000" m_b="0.000000" m_c="0.000000" m_d="1.000000" m_tx="-30.000000" m_ty="-31.000000"/>
  </frame>
  <frame idx="425" w="71" h="71" x="-1.500000" y="-2.500000">
   <element name="coffee0" layername="coffeebean" frame="1" z_index="3" m_a="1.000000" m_b="0.000000" m_c="0.000000" m_d="1.000000" m_tx="-30.000000" m_ty="-31.000000"/>
  </frame>
  <frame idx="450" w="71" h="71" x="-1.500000" y="-2.500000">
   <element name="coffee0" layername="coffeebean" frame="1" z_index="3" m_a="1.000000" m_b="0.000000" m_c="0.000000" m_d="1.000000" m_tx="-30.000000" m_ty="-31.000000"/>
  </frame>
  <frame idx="475" w="71" h="71" x="-1.500000" y="-2.500000">
   <element name="coffee0" layername="coffeebean" frame="1" z_index="3" m_a="1.000000" m_b="0.000000" m_c="0.000000" m_d="1.000000" m_tx="-30.000000" m_ty="-31.000000"/>
  </frame>
  <frame idx="500" w="71" h="71" x="-1.500000" y="-2.500000">
   <element name="coffee0" layername="coffeebean" frame="1" z_index="3" m_a="1.000000" m_b="0.000000" m_c="0.000000" m_d="1.000000" m_tx="-30.000000" m_ty="-31.000000"/>
  </frame>
  <frame idx="525" w="71" h="71" x="-1.500000" y="-2.500000">
   <element name="coffee0" layername="coffeebean" frame="1" z_index="3" m_a="1.000000" m_b="0.000000" m_c="0.000000" m_d="1.000000" m_tx="-30.000000" m_ty="-31.000000"/>
  </frame>
  <frame idx="550" w="71" h="71" x="-1.500000" y="-2.500000">
   <element name="coffee0" layername="coffeebean" frame="1" z_index="3" m_a="1.000000" m_b="0.000000" m_c="0.000000" m_d="1.000000" m_tx="-30.000000" m_ty="-31.000000"/>
  </frame>
  <frame idx="575" w="71" h="71" x="-1.500000" y="-2.500000">
   <element name="coffee0" layername="coffeebean" frame="1" z_index="3" m_a="1.000000" m_b="0.000000" m_c="0.000000" m_d="1.000000" m_tx="-30.000000" m_ty="-31.000000"/>
  </frame>
  <frame idx="600" w="71" h="71" x="-1.500000" y="-2.500000">
   <element name="coffee0" layername="coffeebean" frame="1" z_index="3" m_a="1.000000" m_b="0.000000" m_c="0.000000" m_d="1.000000" m_tx="-30.000000" m_ty="-31.000000"/>
  </frame>
  <frame idx="625" w="71" h="71" x="-1.500000" y="-2.500000">
   <element name="coffee0" layername="coffeebean" frame="1" z_index="3" m_a="1.000000" m_b="0.000000" m_c="0.000000" m_d="1.000000" m_tx="-30.000000" m_ty="-31.000000"/>
  </frame>
  <frame idx="650" w="71" h="71" x="-1.500000" y="-2.500000">
   <element name="coffee0" layername="coffeebean" frame="1" z_index="3" m_a="1.000000" m_b="0.000000" m_c="0.000000" m_d="1.000000" m_tx="-30.000000" m_ty="-31.000000"/>
  </frame>
  <frame idx="675" w="71" h="71" x="-1.500000" y="-2.500000">
   <element name="coffee0" layername="coffeebean" frame="1" z_index="3" m_a="1.000000" m_b="0.000000" m_c="0.000000" m_d="1.000000" m_tx="-30.000000" m_ty="-31.000000"/>
  </frame>
  <frame idx="700" w="71" h="71" x="-1.500000" y="-2.500000">
   <element name="coffee0" layername="coffeebean" frame="1" z_index="3" m_a="1.000000" m_b="0.000000" m_c="0.000000" m_d="1.000000" m_tx="-30.000000" m_ty="-31.000000"/>
  </frame>
  <frame idx="725" w="71" h="71" x="-1.500000" y="-2.500000">
   <element name="coffee0" layername="coffeebean" frame="1" z_index="3" m_a="1.000000" m_b="0.000000" m_c="0.000000" m_d="1.000000" m_tx="-30.000000" m_ty="-31.000000"/>
  </frame>
  <frame idx="750" w="71" h="71" x="-1.500000" y="-2.500000">
   <element name="coffee0" layername="coffeebean" frame="1" z_index="3" m_a="1.000000" m_b="0.000000" m_c="0.000000" m_d="1.000000" m_tx="-30.000000" m_ty="-31.000000"/>
  </frame>
  <frame idx="775" w="71" h="71" x="-1.500000" y="-2.500000">
   <element name="coffee0" layername="coffeebean" frame="1" z_index="3" m_a="1.000000" m_b="0.000000" m_c="0.000000" m_d="1.000000" m_tx="-30.000000" m_ty="-31.000000"/>
  </frame>
  <frame idx="800" w="71" h="71" x="-1.500000" y="-2.500000">
   <element name="coffee0" layername="coffeebean" frame="1" z_index="3" m_a="1.000000" m_b="0.000000" m_c="0.000000" m_d="1.000000" m_tx="-30.000000" m_ty="-31.000000"/>
  </frame>
  <frame idx="825" w="71" h="71" x="-1.500000" y="-2.500000">
   <element name="coffee0" layername="coffeebean" frame="1" z_index="3" m_a="1.000000" m_b="0.000000" m_c="0.000000" m_d="1.000000" m_tx="-30.000000" m_ty="-31.000000"/>
  </frame>
  <frame idx="850" w="71" h="71" x="-1.500000" y="-2.500000">
   <element name="coffee0" layername="coffeebean" frame="1" z_index="3" m_a="1.000000" m_b="0.000000" m_c="0.000000" m_d="1.000000" m_tx="-30.000000" m_ty="-31.000000"/>
  </frame>
  <frame idx="875" w="71" h="71" x="-1.500000" y="-2.500000">
   <element name="coffee0" layername="coffeebean" frame="1" z_index="3" m_a="1.000000" m_b="0.000000" m_c="0.000000" m_d="1.000000" m_tx="-30.000000" m_ty="-31.000000"/>
  </frame>
  <frame idx="900" w="71" h="71" x="-1.500000" y="-2.500000">
   <element name="coffee0" layername="coffeebean" frame="1" z_index="3" m_a="1.000000" m_b="0.000000" m_c="0.000000" m_d="1.000000" m_tx="-30.000000" m_ty="-31.000000"/>
  </frame>
  <frame idx="925" w="71" h="71" x="-1.500000" y="-2.500000">
   <element name="coffee0" layername="coffeebean" frame="1" z_index="3" m_a="1.000000" m_b="0.000000" m_c="0.000000" m_d="1.000000" m_tx="-30.000000" m_ty="-31.000000"/>
  </frame>
  <frame idx="950" w="71" h="71" x="-1.500000" y="-2.500000">
   <element name="coffee0" layername="coffeebean" frame="1" z_index="3" m_a="1.000000" m_b="0.000000" m_c="0.000000" m_d="1.000000" m_tx="-30.000000" m_ty="-31.000000"/>
  </frame>
  <frame idx="975" w="71" h="71" x="-1.500000" y="-2.500000">
   <element name="coffee0" layername="coffeebean" frame="1" z_index="3" m_a="1.000000" m_b="0.000000" m_c="0.000000" m_d="1.000000" m_tx="-30.000000" m_ty="-31.000000"/>
  </frame>
 </anim>
</Anims>
