<Anims>
 <anim name="idle" root="diamond" numframes="1000" framerate="40">
  <frame idx="0" w="196" h="195" x="-6.503845" y="-31.768066">
   <element name="diamond0" layername="diamond" frame="0" z_index="1" m_a="1.625165" m_b="-1.152446" m_c="1.143546" m_d="1.612615" m_tx="-86.503845" m_ty="-37.511539"/>
  </frame>
  <frame idx="25" w="196" h="195" x="-6.503845" y="-31.768066">
   <element name="diamond0" layername="diamond" frame="0" z_index="1" m_a="1.625165" m_b="-1.152446" m_c="1.143546" m_d="1.612615" m_tx="-86.503845" m_ty="-37.511539"/>
  </frame>
  <frame idx="50" w="196" h="195" x="-6.503845" y="-31.768066">
   <element name="diamond0" layername="diamond" frame="0" z_index="1" m_a="1.625165" m_b="-1.152446" m_c="1.143546" m_d="1.612615" m_tx="-86.503845" m_ty="-37.511539"/>
  </frame>
  <frame idx="75" w="196" h="195" x="-6.503845" y="-31.768066">
   <element name="diamond0" layername="diamond" frame="0" z_index="1" m_a="1.625165" m_b="-1.152446" m_c="1.143546" m_d="1.612615" m_tx="-86.503845" m_ty="-37.511539"/>
  </frame>
  <frame idx="100" w="196" h="195" x="-6.503845" y="-31.768066">
   <element name="diamond0" layername="diamond" frame="0" z_index="1" m_a="1.625165" m_b="-1.152446" m_c="1.143546" m_d="1.612615" m_tx="-86.503845" m_ty="-37.511539"/>
  </frame>
  <frame idx="125" w="196" h="195" x="-6.503845" y="-31.768066">
   <element name="diamond0" layername="diamond" frame="0" z_index="1" m_a="1.625165" m_b="-1.152446" m_c="1.143546" m_d="1.612615" m_tx="-86.503845" m_ty="-37.511539"/>
  </frame>
  <frame idx="150" w="196" h="195" x="-6.503845" y="-31.768066">
   <element name="diamond0" layername="diamond" frame="0" z_index="1" m_a="1.625165" m_b="-1.152446" m_c="1.143546" m_d="1.612615" m_tx="-86.503845" m_ty="-37.511539"/>
  </frame>
  <frame idx="175" w="196" h="195" x="-6.503845" y="-31.768066">
   <element name="diamond0" layername="diamond" frame="0" z_index="1" m_a="1.625165" m_b="-1.152446" m_c="1.143546" m_d="1.612615" m_tx="-86.503845" m_ty="-37.511539"/>
  </frame>
  <frame idx="200" w="196" h="195" x="-6.503845" y="-31.768066">
   <element name="diamond0" layername="diamond" frame="0" z_index="1" m_a="1.625165" m_b="-1.152446" m_c="1.143546" m_d="1.612615" m_tx="-86.503845" m_ty="-37.511539"/>
  </frame>
  <frame idx="225" w="196" h="195" x="-6.503845" y="-31.768066">
   <element name="diamond0" layername="diamond" frame="0" z_index="1" m_a="1.625165" m_b="-1.152446" m_c="1.143546" m_d="1.612615" m_tx="-86.503845" m_ty="-37.511539"/>
  </frame>
  <frame idx="250" w="196" h="195" x="-6.503845" y="-31.768066">
   <element name="diamond0" layername="diamond" frame="0" z_index="1" m_a="1.625165" m_b="-1.152446" m_c="1.143546" m_d="1.612615" m_tx="-86.503845" m_ty="-37.511539"/>
  </frame>
  <frame idx="275" w="196" h="195" x="-6.503845" y="-31.768066">
   <element name="diamond0" layername="diamond" frame="0" z_index="1" m_a="1.625165" m_b="-1.152446" m_c="1.143546" m_d="1.612615" m_tx="-86.503845" m_ty="-37.511539"/>
  </frame>
  <frame idx="300" w="196" h="195" x="-6.503845" y="-31.768066">
   <element name="diamond0" layername="diamond" frame="0" z_index="1" m_a="1.625165" m_b="-1.152446" m_c="1.143546" m_d="1.612615" m_tx="-86.503845" m_ty="-37.511539"/>
  </frame>
  <frame idx="325" w="196" h="195" x="-6.503845" y="-31.768066">
   <element name="diamond0" layername="diamond" frame="0" z_index="1" m_a="1.625165" m_b="-1.152446" m_c="1.143546" m_d="1.612615" m_tx="-86.503845" m_ty="-37.511539"/>
  </frame>
  <frame idx="350" w="196" h="195" x="-6.503845" y="-31.768066">
   <element name="diamond0" layername="diamond" frame="0" z_index="1" m_a="1.625165" m_b="-1.152446" m_c="1.143546" m_d="1.612615" m_tx="-86.503845" m_ty="-37.511539"/>
  </frame>
  <frame idx="375" w="196" h="195" x="-6.503845" y="-31.768066">
   <element name="diamond0" layername="diamond" frame="0" z_index="1" m_a="1.625165" m_b="-1.152446" m_c="1.143546" m_d="1.612615" m_tx="-86.503845" m_ty="-37.511539"/>
  </frame>
  <frame idx="400" w="196" h="195" x="-6.503845" y="-31.768066">
   <element name="diamond0" layername="diamond" frame="0" z_index="1" m_a="1.625165" m_b="-1.152446" m_c="1.143546" m_d="1.612615" m_tx="-86.503845" m_ty="-37.511539"/>
  </frame>
  <frame idx="425" w="196" h="195" x="-6.503845" y="-31.768066">
   <element name="diamond0" layername="diamond" frame="0" z_index="1" m_a="1.625165" m_b="-1.152446" m_c="1.143546" m_d="1.612615" m_tx="-86.503845" m_ty="-37.511539"/>
  </frame>
  <frame idx="450" w="196" h="195" x="-6.503845" y="-31.768066">
   <element name="diamond0" layername="diamond" frame="0" z_index="1" m_a="1.625165" m_b="-1.152446" m_c="1.143546" m_d="1.612615" m_tx="-86.503845" m_ty="-37.511539"/>
  </frame>
  <frame idx="475" w="196" h="195" x="-6.503845" y="-31.768066">
   <element name="diamond0" layername="diamond" frame="0" z_index="1" m_a="1.625165" m_b="-1.152446" m_c="1.143546" m_d="1.612615" m_tx="-86.503845" m_ty="-37.511539"/>
  </frame>
  <frame idx="500" w="196" h="195" x="-6.503845" y="-31.768066">
   <element name="diamond0" layername="diamond" frame="0" z_index="1" m_a="1.625165" m_b="-1.152446" m_c="1.143546" m_d="1.612615" m_tx="-86.503845" m_ty="-37.511539"/>
  </frame>
  <frame idx="525" w="196" h="195" x="-6.503845" y="-31.768066">
   <element name="diamond0" layername="diamond" frame="0" z_index="1" m_a="1.625165" m_b="-1.152446" m_c="1.143546" m_d="1.612615" m_tx="-86.503845" m_ty="-37.511539"/>
  </frame>
  <frame idx="550" w="196" h="195" x="-6.503845" y="-31.768066">
   <element name="diamond0" layername="diamond" frame="0" z_index="1" m_a="1.625165" m_b="-1.152446" m_c="1.143546" m_d="1.612615" m_tx="-86.503845" m_ty="-37.511539"/>
  </frame>
  <frame idx="575" w="196" h="195" x="-6.503845" y="-31.768066">
   <element name="diamond0" layername="diamond" frame="0" z_index="1" m_a="1.625165" m_b="-1.152446" m_c="1.143546" m_d="1.612615" m_tx="-86.503845" m_ty="-37.511539"/>
  </frame>
  <frame idx="600" w="196" h="195" x="-6.503845" y="-31.768066">
   <element name="diamond0" layername="diamond" frame="0" z_index="1" m_a="1.625165" m_b="-1.152446" m_c="1.143546" m_d="1.612615" m_tx="-86.503845" m_ty="-37.511539"/>
  </frame>
  <frame idx="625" w="196" h="195" x="-6.503845" y="-31.768066">
   <element name="diamond0" layername="diamond" frame="0" z_index="1" m_a="1.625165" m_b="-1.152446" m_c="1.143546" m_d="1.612615" m_tx="-86.503845" m_ty="-37.511539"/>
  </frame>
  <frame idx="650" w="196" h="195" x="-6.503845" y="-31.768066">
   <element name="diamond0" layername="diamond" frame="0" z_index="1" m_a="1.625165" m_b="-1.152446" m_c="1.143546" m_d="1.612615" m_tx="-86.503845" m_ty="-37.511539"/>
  </frame>
  <frame idx="675" w="196" h="195" x="-6.503845" y="-31.768066">
   <element name="diamond0" layername="diamond" frame="0" z_index="1" m_a="1.625165" m_b="-1.152446" m_c="1.143546" m_d="1.612615" m_tx="-86.503845" m_ty="-37.511539"/>
  </frame>
  <frame idx="700" w="196" h="195" x="-6.503845" y="-31.768066">
   <element name="diamond0" layername="diamond" frame="0" z_index="1" m_a="1.625165" m_b="-1.152446" m_c="1.143546" m_d="1.612615" m_tx="-86.503845" m_ty="-37.511539"/>
  </frame>
  <frame idx="725" w="196" h="195" x="-6.503845" y="-31.768066">
   <element name="diamond0" layername="diamond" frame="0" z_index="1" m_a="1.625165" m_b="-1.152446" m_c="1.143546" m_d="1.612615" m_tx="-86.503845" m_ty="-37.511539"/>
  </frame>
  <frame idx="750" w="196" h="195" x="-6.503845" y="-31.768066">
   <element name="diamond0" layername="diamond" frame="0" z_index="1" m_a="1.625165" m_b="-1.152446" m_c="1.143546" m_d="1.612615" m_tx="-86.503845" m_ty="-37.511539"/>
  </frame>
  <frame idx="775" w="196" h="195" x="-6.503845" y="-31.768066">
   <element name="diamond0" layername="diamond" frame="0" z_index="1" m_a="1.625165" m_b="-1.152446" m_c="1.143546" m_d="1.612615" m_tx="-86.503845" m_ty="-37.511539"/>
  </frame>
  <frame idx="800" w="196" h="195" x="-6.503845" y="-31.768066">
   <element name="diamond0" layername="diamond" frame="0" z_index="1" m_a="1.625165" m_b="-1.152446" m_c="1.143546" m_d="1.612615" m_tx="-86.503845" m_ty="-37.511539"/>
  </frame>
  <frame idx="825" w="196" h="195" x="-6.503845" y="-31.768066">
   <element name="diamond0" layername="diamond" frame="0" z_index="1" m_a="1.625165" m_b="-1.152446" m_c="1.143546" m_d="1.612615" m_tx="-86.503845" m_ty="-37.511539"/>
  </frame>
  <frame idx="850" w="196" h="195" x="-6.503845" y="-31.768066">
   <element name="diamond0" layername="diamond" frame="0" z_index="1" m_a="1.625165" m_b="-1.152446" m_c="1.143546" m_d="1.612615" m_tx="-86.503845" m_ty="-37.511539"/>
  </frame>
  <frame idx="875" w="196" h="195" x="-6.503845" y="-31.768066">
   <element name="diamond0" layername="diamond" frame="0" z_index="1" m_a="1.625165" m_b="-1.152446" m_c="1.143546" m_d="1.612615" m_tx="-86.503845" m_ty="-37.511539"/>
  </frame>
  <frame idx="900" w="196" h="195" x="-6.503845" y="-31.768066">
   <element name="diamond0" layername="diamond" frame="0" z_index="1" m_a="1.625165" m_b="-1.152446" m_c="1.143546" m_d="1.612615" m_tx="-86.503845" m_ty="-37.511539"/>
  </frame>
  <frame idx="925" w="196" h="195" x="-6.503845" y="-31.768066">
   <element name="diamond0" layername="diamond" frame="0" z_index="1" m_a="1.625165" m_b="-1.152446" m_c="1.143546" m_d="1.612615" m_tx="-86.503845" m_ty="-37.511539"/>
  </frame>
  <frame idx="950" w="196" h="195" x="-6.503845" y="-31.768066">
   <element name="diamond0" layername="diamond" frame="0" z_index="1" m_a="1.625165" m_b="-1.152446" m_c="1.143546" m_d="1.612615" m_tx="-86.503845" m_ty="-37.511539"/>
  </frame>
  <frame idx="975" w="196" h="195" x="-6.503845" y="-31.768066">
   <element name="diamond0" layername="diamond" frame="0" z_index="1" m_a="1.625165" m_b="-1.152446" m_c="1.143546" m_d="1.612615" m_tx="-86.503845" m_ty="-37.511539"/>
  </frame>
 </anim>
</Anims>
