<Anims>
 <anim name="idle" root="electronic_ball" numframes="700" framerate="40">
  <frame idx="0" w="888" h="371" x="-123.388885" y="-203.598999">
   <element name="glow" layername="glow" frame="0" z_index="7" m_a="1.131130" m_b="0.000000" m_c="0.000000" m_d="1.131130" m_tx="39.400002" m_ty="-298.748993"/>
   <element name="bolt_c" layername="bolt_c" frame="0" z_index="6" m_a="0.583100" m_b="0.057060" m_c="-0.141241" m_d="1.443346" m_tx="55.750000" m_ty="-355.098999"/>
   <element name="bolt_f" layername="bolt_f" frame="0" z_index="5" m_a="0.090752" m_b="0.397903" m_c="-0.949199" m_d="0.216489" m_tx="-0.399000" m_ty="-212.998993"/>
  </frame>
  <frame idx="25" w="682" h="602" x="-21.040894" y="-324.990479">
   <element name="glow" layername="glow" frame="0" z_index="7" m_a="1.131130" m_b="0.000000" m_c="0.000000" m_d="1.131130" m_tx="39.400002" m_ty="-304.631348"/>
   <element name="bolt_c" layername="bolt_c" frame="0" z_index="6" m_a="0.583100" m_b="0.057060" m_c="-0.141241" m_d="1.443346" m_tx="-19.797321" m_ty="-570.990479"/>
   <element name="bolt_f" layername="bolt_f" frame="0" z_index="5" m_a="0.090752" m_b="0.397903" m_c="-0.949199" m_d="0.216489" m_tx="185.949005" m_ty="-394.164703"/>
  </frame>
  <frame idx="50" w="609" h="686" x="15.544388" y="-368.711426">
   <element name="glow" layername="glow" frame="0" z_index="7" m_a="1.131130" m_b="0.000000" m_c="0.000000" m_d="1.131130" m_tx="39.400002" m_ty="-306.748993"/>
   <element name="bolt_c" layername="bolt_c" frame="1" z_index="6" m_a="0.583100" m_b="0.057060" m_c="-0.141241" m_d="1.443346" m_tx="-46.994354" m_ty="-648.711426"/>
   <element name="bolt_f" layername="bolt_f" frame="1" z_index="5" m_a="0.090752" m_b="0.397903" m_c="-0.949199" m_d="0.216489" m_tx="253.034286" m_ty="-459.384338"/>
   <element name="bolt_c" layername="bolt_c" frame="0" z_index="4" m_a="-0.078969" m_b="0.994745" m_c="-0.638668" m_d="-0.050702" m_tx="79.306740" m_ty="-521.172424"/>
  </frame>
  <frame idx="75" w="609" h="762" x="15.704575" y="-406.454224">
   <element name="glow" layername="glow" frame="0" z_index="7" m_a="1.131130" m_b="0.000000" m_c="0.000000" m_d="1.131130" m_tx="39.400002" m_ty="-306.506561"/>
   <element name="bolt_c" layername="bolt_c" frame="1" z_index="6" m_a="0.583100" m_b="0.057060" m_c="-0.141241" m_d="1.443346" m_tx="-46.994354" m_ty="-604.832642"/>
   <element name="bolt_f" layername="bolt_f" frame="1" z_index="5" m_a="0.090752" m_b="0.397903" m_c="-0.949199" m_d="0.216489" m_tx="253.194473" m_ty="-415.547150"/>
   <element name="bolt_c" layername="bolt_c" frame="1" z_index="4" m_a="-0.078969" m_b="0.994745" m_c="-0.638668" m_d="-0.050702" m_tx="111.720154" m_ty="-709.950378"/>
  </frame>
  <frame idx="100" w="609" h="763" x="16.205170" y="-405.954224">
   <element name="glow" layername="glow" frame="0" z_index="7" m_a="1.131130" m_b="0.000000" m_c="0.000000" m_d="1.131130" m_tx="39.400002" m_ty="-305.748993"/>
   <element name="bolt_c" layername="bolt_c" frame="2" z_index="6" m_a="0.583100" m_b="0.057060" m_c="-0.141241" m_d="1.443346" m_tx="-46.994354" m_ty="-467.711426"/>
   <element name="bolt_f" layername="bolt_f" frame="2" z_index="5" m_a="0.090752" m_b="0.397903" m_c="-0.949199" m_d="0.216489" m_tx="253.695068" m_ty="-278.555969"/>
   <element name="bolt_c" layername="bolt_c" frame="1" z_index="4" m_a="-0.078969" m_b="0.994745" m_c="-0.638668" m_d="-0.050702" m_tx="111.720154" m_ty="-709.950378"/>
  </frame>
  <frame idx="125" w="609" h="656" x="15.751312" y="-351.660095">
   <element name="glow" layername="glow" frame="0" z_index="7" m_a="1.131130" m_b="0.000000" m_c="0.000000" m_d="1.131130" m_tx="39.400002" m_ty="-304.256470"/>
   <element name="bolt_c" layername="bolt_c" frame="2" z_index="6" m_a="0.583100" m_b="0.057060" m_c="-0.141241" m_d="1.443346" m_tx="-46.994354" m_ty="-503.005554"/>
   <element name="bolt_f" layername="bolt_f" frame="2" z_index="5" m_a="0.090752" m_b="0.397903" m_c="-0.949199" m_d="0.216489" m_tx="253.241211" m_ty="-313.746552"/>
   <element name="bolt_c" layername="bolt_c" frame="1" z_index="4" m_a="-0.078969" m_b="0.994745" m_c="-0.638668" m_d="-0.050702" m_tx="111.720154" m_ty="-612.156250"/>
  </frame>
  <frame idx="150" w="609" h="599" x="15.587936" y="-321.045105">
   <element name="glow" layername="glow" frame="0" z_index="7" m_a="1.131130" m_b="0.000000" m_c="0.000000" m_d="1.131130" m_tx="39.400002" m_ty="-302.763916"/>
   <element name="bolt_c" layername="bolt_c" frame="3" z_index="7" m_a="0.583100" m_b="0.057060" m_c="-0.141241" m_d="1.443346" m_tx="-46.994354" m_ty="-496.802338"/>
   <element name="bolt_f" layername="bolt_f" frame="3" z_index="6" m_a="0.090752" m_b="0.397903" m_c="-0.949199" m_d="0.216489" m_tx="253.077835" m_ty="-307.506104"/>
   <element name="bolt_c" layername="bolt_c" frame="2" z_index="5" m_a="-0.078969" m_b="0.994745" m_c="-0.638668" m_d="-0.050702" m_tx="111.720154" m_ty="-558.041260"/>
  </frame>
  <frame idx="175" w="609" h="578" x="15.710632" y="-310.423889">
   <element name="glow" layername="glow" frame="0" z_index="7" m_a="1.131130" m_b="0.000000" m_c="0.000000" m_d="1.131130" m_tx="39.400002" m_ty="-302.346008"/>
   <element name="bolt_c" layername="bolt_c" frame="3" z_index="6" m_a="0.583100" m_b="0.057060" m_c="-0.141241" m_d="1.443346" m_tx="-46.994354" m_ty="-477.681122"/>
   <element name="bolt_f" layername="bolt_f" frame="3" z_index="5" m_a="0.090752" m_b="0.397903" m_c="-0.949199" m_d="0.216489" m_tx="253.200531" m_ty="-288.721771"/>
   <element name="bolt_c" layername="bolt_c" frame="3" z_index="3" m_a="-0.078969" m_b="0.994745" m_c="-0.638668" m_d="-0.050702" m_tx="111.720154" m_ty="-538.920044"/>
   <element name="bolt_f" layername="bolt_f" frame="0" z_index="4" m_a="-0.021427" m_b="-0.203505" m_c="0.430118" m_d="-0.045287" m_tx="56.329227" m_ty="-230.246460"/>
  </frame>
  <frame idx="200" w="609" h="579" x="16.273346" y="-312.954163">
   <element name="glow" layername="glow" frame="0" z_index="7" m_a="1.131130" m_b="0.000000" m_c="0.000000" m_d="1.131130" m_tx="39.400002" m_ty="-304.211670"/>
   <element name="bolt_c" layername="bolt_c" frame="4" z_index="7" m_a="0.583100" m_b="0.057060" m_c="-0.141241" m_d="1.443346" m_tx="-46.994354" m_ty="-480.711426"/>
   <element name="bolt_f" layername="bolt_f" frame="4" z_index="6" m_a="0.090752" m_b="0.397903" m_c="-0.949199" m_d="0.216489" m_tx="253.763245" m_ty="-292.019196"/>
   <element name="bolt_c" layername="bolt_c" frame="3" z_index="4" m_a="-0.078969" m_b="0.994745" m_c="-0.638668" m_d="-0.050702" m_tx="111.720154" m_ty="-541.950317"/>
   <element name="bolt_f" layername="bolt_f" frame="1" z_index="5" m_a="-0.021602" m_b="-0.205308" m_c="0.451279" m_d="-0.047483" m_tx="-38.039177" m_ty="-342.711700"/>
  </frame>
  <frame idx="225" w="609" h="581" x="16.273346" y="-315.630676">
   <element name="glow" layername="glow" frame="0" z_index="7" m_a="1.131130" m_b="0.000000" m_c="0.000000" m_d="1.131130" m_tx="39.400002" m_ty="-306.077362"/>
   <element name="bolt_c" layername="bolt_c" frame="4" z_index="7" m_a="0.583100" m_b="0.057060" m_c="-0.141241" m_d="1.443346" m_tx="-46.994354" m_ty="-484.387909"/>
   <element name="bolt_f" layername="bolt_f" frame="4" z_index="6" m_a="0.090752" m_b="0.397903" m_c="-0.949199" m_d="0.216489" m_tx="253.763245" m_ty="-295.695679"/>
   <element name="bolt_c" layername="bolt_c" frame="3" z_index="4" m_a="-0.078969" m_b="0.994745" m_c="-0.638668" m_d="-0.050702" m_tx="111.720154" m_ty="-545.626831"/>
   <element name="bolt_f" layername="bolt_f" frame="1" z_index="5" m_a="-0.021788" m_b="-0.207125" m_c="0.471908" m_d="-0.049640" m_tx="-44.781437" m_ty="-339.312775"/>
  </frame>
  <frame idx="250" w="601" h="570" x="19.494873" y="-310.787537">
   <element name="glow" layername="glow" frame="0" z_index="7" m_a="1.131130" m_b="0.000000" m_c="0.000000" m_d="1.131130" m_tx="39.400002" m_ty="-306.748993"/>
   <element name="bolt_c" layername="bolt_c" frame="4" z_index="6" m_a="0.583100" m_b="0.057060" m_c="-0.141241" m_d="1.443346" m_tx="-46.994354" m_ty="-475.044769"/>
   <element name="bolt_f" layername="bolt_f" frame="4" z_index="5" m_a="0.090752" m_b="0.397903" m_c="-0.949199" m_d="0.216489" m_tx="259.984772" m_ty="-288.093689"/>
   <element name="bolt_c" layername="bolt_c" frame="4" z_index="3" m_a="-0.078969" m_b="0.994745" m_c="-0.638668" m_d="-0.050702" m_tx="111.720154" m_ty="-536.283691"/>
   <element name="bolt_f" layername="bolt_f" frame="1" z_index="4" m_a="-0.021985" m_b="-0.208994" m_c="0.492943" m_d="-0.051855" m_tx="-51.798862" m_ty="-246.050766"/>
  </frame>
  <frame idx="275" w="585" h="564" x="28.034164" y="-308.029907">
   <element name="glow" layername="glow" frame="0" z_index="7" m_a="1.131130" m_b="0.000000" m_c="0.000000" m_d="1.131130" m_tx="39.400002" m_ty="-306.748993"/>
   <element name="bolt_c" layername="bolt_c" frame="5" z_index="6" m_a="0.583100" m_b="0.057060" m_c="-0.141241" m_d="1.443346" m_tx="-46.994354" m_ty="-508.559906"/>
   <element name="bolt_f" layername="bolt_f" frame="5" z_index="5" m_a="0.090752" m_b="0.397903" m_c="-0.949199" m_d="0.216489" m_tx="248.946487" m_ty="-318.141724"/>
   <element name="bolt_c" layername="bolt_c" frame="4" z_index="3" m_a="-0.078969" m_b="0.994745" m_c="-0.638668" m_d="-0.050702" m_tx="111.720154" m_ty="-530.526062"/>
   <element name="bolt_f" layername="bolt_f" frame="2" z_index="4" m_a="-0.022186" m_b="-0.210901" m_c="0.514206" m_d="-0.054093" m_tx="-58.808743" m_ty="-152.709442"/>
  </frame>
  <frame idx="300" w="673" h="686" x="54.469910" y="-368.711426">
   <element name="glow" layername="glow" frame="0" z_index="7" m_a="1.131130" m_b="0.000000" m_c="0.000000" m_d="1.131130" m_tx="39.400002" m_ty="-306.748993"/>
   <element name="bolt_c" layername="bolt_c" frame="6" z_index="7" m_a="0.583100" m_b="0.057060" m_c="-0.141241" m_d="1.443346" m_tx="-46.994354" m_ty="-648.711426"/>
   <element name="bolt_f" layername="bolt_f" frame="6" z_index="6" m_a="0.090752" m_b="0.397903" m_c="-0.949199" m_d="0.216489" m_tx="239.382233" m_ty="-454.779968"/>
   <element name="bolt_c" layername="bolt_c" frame="5" z_index="3" m_a="-0.078969" m_b="0.994745" m_c="-0.638668" m_d="-0.050702" m_tx="111.720154" m_ty="-547.950317"/>
   <element name="bolt_f" layername="bolt_f" frame="3" z_index="4" m_a="-0.022381" m_b="-0.212825" m_c="0.535464" m_d="-0.056311" m_tx="-65.428345" m_ty="-166.619904"/>
   <element name="bolt_b" layername="bolt_b" frame="0" z_index="5" m_a="0.343032" m_b="-0.554684" m_c="0.788613" m_d="0.487700" m_tx="54.700001" m_ty="-349.449005"/>
  </frame>
  <frame idx="325" w="576" h="714" x="32.336670" y="-382.571838">
   <element name="glow" layername="glow" frame="0" z_index="7" m_a="1.131130" m_b="0.000000" m_c="0.000000" m_d="1.131130" m_tx="39.400002" m_ty="-306.748993"/>
   <element name="bolt_c" layername="bolt_c" frame="6" z_index="7" m_a="0.583100" m_b="0.057060" m_c="-0.141241" m_d="1.443346" m_tx="-46.994354" m_ty="-508.270264"/>
   <element name="bolt_f" layername="bolt_f" frame="6" z_index="6" m_a="0.090752" m_b="0.397903" m_c="-0.949199" m_d="0.216489" m_tx="256.748993" m_ty="-318.734741"/>
   <element name="bolt_c" layername="bolt_c" frame="5" z_index="3" m_a="-0.078969" m_b="0.994745" m_c="-0.638668" m_d="-0.050702" m_tx="111.720154" m_ty="-667.067993"/>
   <element name="bolt_f" layername="bolt_f" frame="3" z_index="4" m_a="-0.022596" m_b="-0.214714" m_c="0.556103" m_d="-0.058522" m_tx="-72.136772" m_ty="-141.769882"/>
   <element name="bolt_b" layername="bolt_b" frame="0" z_index="5" m_a="0.343032" m_b="-0.554684" m_c="0.788613" m_d="0.487700" m_tx="-69.100143" m_ty="-489.843658"/>
  </frame>
  <frame idx="350" w="556" h="686" x="42.125961" y="-369.103821">
   <element name="glow" layername="glow" frame="0" z_index="7" m_a="1.131130" m_b="0.000000" m_c="0.000000" m_d="1.131130" m_tx="39.400002" m_ty="-306.748993"/>
   <element name="bolt_c" layername="bolt_c" frame="7" z_index="6" m_a="0.583100" m_b="0.057060" m_c="-0.141241" m_d="1.443346" m_tx="-46.762169" m_ty="-552.690186"/>
   <element name="bolt_f" layername="bolt_f" frame="7" z_index="5" m_a="0.090752" m_b="0.397903" m_c="-0.949199" m_d="0.216489" m_tx="251.757507" m_ty="-359.604919"/>
   <element name="bolt_c" layername="bolt_c" frame="6" z_index="2" m_a="-0.078969" m_b="0.994745" m_c="-0.638668" m_d="-0.050702" m_tx="111.720154" m_ty="-624.617004"/>
   <element name="bolt_f" layername="bolt_f" frame="3" z_index="3" m_a="-0.022801" m_b="-0.216647" m_c="0.577147" m_d="-0.060741" m_tx="-79.198166" m_ty="-137.485031"/>
   <element name="bolt_b" layername="bolt_b" frame="1" z_index="4" m_a="0.343032" m_b="-0.554684" m_c="0.788613" m_d="0.487700" m_tx="-113.668190" m_ty="-540.385742"/>
  </frame>
  <frame idx="375" w="536" h="688" x="52.028046" y="-369.566711">
   <element name="glow" layername="glow" frame="0" z_index="7" m_a="1.131130" m_b="0.000000" m_c="0.000000" m_d="1.131130" m_tx="39.400002" m_ty="-306.748993"/>
   <element name="bolt_c" layername="bolt_c" frame="8" z_index="6" m_a="0.583100" m_b="0.057060" m_c="-0.141241" m_d="1.443346" m_tx="-46.812805" m_ty="-650.566711"/>
   <element name="bolt_f" layername="bolt_f" frame="8" z_index="5" m_a="0.090752" m_b="0.397903" m_c="-0.949199" m_d="0.216489" m_tx="231.691635" m_ty="-452.307373"/>
   <element name="bolt_c" layername="bolt_c" frame="7" z_index="2" m_a="-0.078969" m_b="0.994745" m_c="-0.638668" m_d="-0.050702" m_tx="112.245102" m_ty="-576.575378"/>
   <element name="bolt_f" layername="bolt_f" frame="4" z_index="3" m_a="-0.023001" m_b="-0.218615" m_c="0.598419" m_d="-0.062962" m_tx="-86.397781" m_ty="-140.031097"/>
   <element name="bolt_b" layername="bolt_b" frame="1" z_index="4" m_a="0.343032" m_b="-0.554684" m_c="0.788613" m_d="0.487700" m_tx="-113.668190" m_ty="-496.022095"/>
  </frame>
  <frame idx="400" w="536" h="761" x="52.028046" y="-406.686218">
   <element name="glow" layername="glow" frame="0" z_index="7" m_a="1.131130" m_b="0.000000" m_c="0.000000" m_d="1.131130" m_tx="39.400002" m_ty="-306.748993"/>
   <element name="bolt_c" layername="bolt_c" frame="8" z_index="6" m_a="0.583100" m_b="0.057060" m_c="-0.141241" m_d="1.443346" m_tx="-46.812805" m_ty="-650.566711"/>
   <element name="bolt_f" layername="bolt_f" frame="8" z_index="5" m_a="0.090752" m_b="0.397903" m_c="-0.949199" m_d="0.216489" m_tx="231.691635" m_ty="-452.307373"/>
   <element name="bolt_c" layername="bolt_c" frame="8" z_index="2" m_a="-0.078969" m_b="0.994745" m_c="-0.638668" m_d="-0.050702" m_tx="112.541084" m_ty="-709.885193"/>
   <element name="bolt_f" layername="bolt_f" frame="4" z_index="3" m_a="-0.023203" m_b="-0.220606" m_c="0.619692" m_d="-0.065179" m_tx="-93.291702" m_ty="-131.181549"/>
   <element name="bolt_b" layername="bolt_b" frame="2" z_index="4" m_a="0.343032" m_b="-0.554684" m_c="0.788613" m_d="0.487700" m_tx="-113.668190" m_ty="-357.385742"/>
  </frame>
  <frame idx="425" w="536" h="763" x="52.028046" y="-405.686218">
   <element name="glow" layername="glow" frame="0" z_index="7" m_a="1.131130" m_b="0.000000" m_c="0.000000" m_d="1.131130" m_tx="39.400002" m_ty="-304.883331"/>
   <element name="bolt_c" layername="bolt_c" frame="8" z_index="6" m_a="0.583100" m_b="0.057060" m_c="-0.141241" m_d="1.443346" m_tx="-46.812805" m_ty="-650.566711"/>
   <element name="bolt_f" layername="bolt_f" frame="8" z_index="5" m_a="0.090752" m_b="0.397903" m_c="-0.949199" m_d="0.216489" m_tx="231.691635" m_ty="-452.307373"/>
   <element name="bolt_c" layername="bolt_c" frame="8" z_index="2" m_a="-0.078969" m_b="0.994745" m_c="-0.638668" m_d="-0.050702" m_tx="112.541084" m_ty="-709.885193"/>
   <element name="bolt_f" layername="bolt_f" frame="4" z_index="3" m_a="-0.023412" m_b="-0.222553" m_c="0.640325" m_d="-0.067362" m_tx="-106.424568" m_ty="-140.764343"/>
   <element name="bolt_b" layername="bolt_b" frame="2" z_index="4" m_a="0.343032" m_b="-0.554684" m_c="0.788613" m_d="0.487700" m_tx="-113.668190" m_ty="-371.356323"/>
  </frame>
  <frame idx="450" w="536" h="765" x="52.028046" y="-404.686218">
   <element name="glow" layername="glow" frame="0" z_index="7" m_a="1.131130" m_b="0.000000" m_c="0.000000" m_d="1.131130" m_tx="39.400002" m_ty="-303.017639"/>
   <element name="bolt_c" layername="bolt_c" frame="8" z_index="7" m_a="0.583100" m_b="0.057060" m_c="-0.141241" m_d="1.443346" m_tx="-46.812805" m_ty="-650.566711"/>
   <element name="bolt_f" layername="bolt_f" frame="8" z_index="6" m_a="0.090752" m_b="0.397903" m_c="-0.949199" m_d="0.216489" m_tx="231.691635" m_ty="-452.307373"/>
   <element name="bolt_c" layername="bolt_c" frame="8" z_index="2" m_a="-0.078969" m_b="0.994745" m_c="-0.638668" m_d="-0.050702" m_tx="112.541084" m_ty="-709.885193"/>
   <element name="bolt_f" layername="bolt_f" frame="5" z_index="3" m_a="-0.023620" m_b="-0.224552" m_c="0.661369" m_d="-0.069566" m_tx="-101.308510" m_ty="-223.892303"/>
   <element name="bolt_b" layername="bolt_b" frame="3" z_index="5" m_a="0.343032" m_b="-0.554684" m_c="0.788613" m_d="0.487700" m_tx="-113.668190" m_ty="-372.506958"/>
   <element name="bolt_b" layername="bolt_b" frame="0" z_index="4" m_a="0.391603" m_b="-0.356704" m_c="0.636409" m_d="0.698674" m_tx="-24.084064" m_ty="-463.082092"/>
  </frame>
  <frame idx="475" w="536" h="765" x="52.028046" y="-404.686218">
   <element name="glow" layername="glow" frame="0" z_index="7" m_a="1.131130" m_b="0.000000" m_c="0.000000" m_d="1.131130" m_tx="39.400002" m_ty="-302.961121"/>
   <element name="bolt_c" layername="bolt_c" frame="8" z_index="6" m_a="0.583100" m_b="0.057060" m_c="-0.141241" m_d="1.443346" m_tx="-46.812805" m_ty="-650.566711"/>
   <element name="bolt_f" layername="bolt_f" frame="8" z_index="5" m_a="0.090752" m_b="0.397903" m_c="-0.949199" m_d="0.216489" m_tx="231.691635" m_ty="-452.307373"/>
   <element name="bolt_c" layername="bolt_c" frame="8" z_index="1" m_a="-0.078969" m_b="0.994745" m_c="-0.638668" m_d="-0.050702" m_tx="112.541084" m_ty="-709.885193"/>
   <element name="bolt_f" layername="bolt_f" frame="6" z_index="2" m_a="-0.023854" m_b="-0.226761" m_c="0.682648" m_d="-0.071812" m_tx="-107.450775" m_ty="-253.676224"/>
   <element name="bolt_b" layername="bolt_b" frame="3" z_index="4" m_a="0.343032" m_b="-0.554684" m_c="0.788613" m_d="0.487700" m_tx="-113.960953" m_ty="-358.750946"/>
   <element name="bolt_b" layername="bolt_b" frame="1" z_index="3" m_a="0.391603" m_b="-0.356704" m_c="0.636409" m_d="0.698674" m_tx="-99.876503" m_ty="-591.042236"/>
  </frame>
  <frame idx="500" w="536" h="761" x="52.028046" y="-406.686218">
   <element name="glow" layername="glow" frame="0" z_index="7" m_a="1.131130" m_b="0.000000" m_c="0.000000" m_d="1.131130" m_tx="39.400002" m_ty="-306.748993"/>
   <element name="bolt_c" layername="bolt_c" frame="8" z_index="6" m_a="0.583100" m_b="0.057060" m_c="-0.141241" m_d="1.443346" m_tx="-46.812805" m_ty="-650.566711"/>
   <element name="bolt_f" layername="bolt_f" frame="8" z_index="5" m_a="0.090752" m_b="0.397903" m_c="-0.949199" m_d="0.216489" m_tx="231.691635" m_ty="-452.307373"/>
   <element name="bolt_c" layername="bolt_c" frame="8" z_index="1" m_a="-0.078969" m_b="0.994745" m_c="-0.638668" m_d="-0.050702" m_tx="112.541084" m_ty="-709.885193"/>
   <element name="bolt_f" layername="bolt_f" frame="7" z_index="2" m_a="-0.024151" m_b="-0.229353" m_c="0.703937" m_d="-0.074125" m_tx="-117.756439" m_ty="-88.530045"/>
   <element name="bolt_b" layername="bolt_b" frame="4" z_index="4" m_a="0.343032" m_b="-0.554684" m_c="0.788613" m_d="0.487700" m_tx="-112.592041" m_ty="-328.753876"/>
   <element name="bolt_b" layername="bolt_b" frame="1" z_index="3" m_a="0.391603" m_b="-0.356704" m_c="0.636409" m_d="0.698674" m_tx="-99.876503" m_ty="-591.042236"/>
  </frame>
  <frame idx="525" w="536" h="761" x="52.028046" y="-406.686218">
   <element name="glow" layername="glow" frame="0" z_index="7" m_a="1.131130" m_b="0.000000" m_c="0.000000" m_d="1.131130" m_tx="39.400002" m_ty="-306.748993"/>
   <element name="bolt_c" layername="bolt_c" frame="8" z_index="6" m_a="0.583100" m_b="0.057060" m_c="-0.141241" m_d="1.443346" m_tx="-46.812805" m_ty="-650.566711"/>
   <element name="bolt_f" layername="bolt_f" frame="8" z_index="5" m_a="0.090752" m_b="0.397903" m_c="-0.949199" m_d="0.216489" m_tx="231.691635" m_ty="-452.307373"/>
   <element name="bolt_c" layername="bolt_c" frame="8" z_index="1" m_a="-0.078969" m_b="0.994745" m_c="-0.638668" m_d="-0.050702" m_tx="112.541084" m_ty="-709.885193"/>
   <element name="bolt_f" layername="bolt_f" frame="7" z_index="2" m_a="-0.024151" m_b="-0.229353" m_c="0.703937" m_d="-0.074125" m_tx="-119.854164" m_ty="-244.424774"/>
   <element name="bolt_b" layername="bolt_b" frame="4" z_index="4" m_a="0.343032" m_b="-0.554684" m_c="0.788613" m_d="0.487700" m_tx="-112.592041" m_ty="-327.283295"/>
   <element name="bolt_b" layername="bolt_b" frame="1" z_index="3" m_a="0.391603" m_b="-0.356704" m_c="0.636409" m_d="0.698674" m_tx="-99.876503" m_ty="-432.954010"/>
  </frame>
  <frame idx="550" w="536" h="761" x="52.028046" y="-406.686218">
   <element name="glow" layername="glow" frame="0" z_index="7" m_a="1.131130" m_b="0.000000" m_c="0.000000" m_d="1.131130" m_tx="39.400002" m_ty="-306.748993"/>
   <element name="bolt_c" layername="bolt_c" frame="8" z_index="7" m_a="0.583100" m_b="0.057060" m_c="-0.141241" m_d="1.443346" m_tx="-46.812805" m_ty="-650.566711"/>
   <element name="bolt_f" layername="bolt_f" frame="8" z_index="6" m_a="0.090752" m_b="0.397903" m_c="-0.949199" m_d="0.216489" m_tx="231.691635" m_ty="-452.307373"/>
   <element name="bolt_c" layername="bolt_c" frame="8" z_index="2" m_a="-0.078969" m_b="0.994745" m_c="-0.638668" m_d="-0.050702" m_tx="112.541084" m_ty="-709.885193"/>
   <element name="bolt_f" layername="bolt_f" frame="8" z_index="3" m_a="-0.024151" m_b="-0.229353" m_c="0.703937" m_d="-0.074125" m_tx="-104.143639" m_ty="-303.250122"/>
   <element name="bolt_b" layername="bolt_b" frame="4" z_index="5" m_a="0.343032" m_b="-0.554684" m_c="0.788613" m_d="0.487700" m_tx="-111.964272" m_ty="-330.151459"/>
   <element name="bolt_b" layername="bolt_b" frame="2" z_index="4" m_a="0.391603" m_b="-0.356704" m_c="0.636409" m_d="0.698674" m_tx="-99.876503" m_ty="-379.921021"/>
  </frame>
  <frame idx="575" w="536" h="761" x="52.028046" y="-406.686218">
   <element name="glow" layername="glow" frame="0" z_index="7" m_a="1.131130" m_b="0.000000" m_c="0.000000" m_d="1.131130" m_tx="39.400002" m_ty="-306.748993"/>
   <element name="bolt_c" layername="bolt_c" frame="8" z_index="6" m_a="0.583100" m_b="0.057060" m_c="-0.141241" m_d="1.443346" m_tx="-46.812805" m_ty="-650.566711"/>
   <element name="bolt_f" layername="bolt_f" frame="8" z_index="5" m_a="0.090752" m_b="0.397903" m_c="-0.949199" m_d="0.216489" m_tx="231.691635" m_ty="-452.307373"/>
   <element name="bolt_c" layername="bolt_c" frame="8" z_index="1" m_a="-0.078969" m_b="0.994745" m_c="-0.638668" m_d="-0.050702" m_tx="112.541084" m_ty="-709.885193"/>
   <element name="bolt_f" layername="bolt_f" frame="8" z_index="2" m_a="-0.024151" m_b="-0.229353" m_c="0.703937" m_d="-0.074125" m_tx="-104.143639" m_ty="-303.250122"/>
   <element name="bolt_b" layername="bolt_b" frame="5" z_index="4" m_a="0.343032" m_b="-0.554684" m_c="0.788613" m_d="0.487700" m_tx="-111.334702" m_ty="-383.882751"/>
   <element name="bolt_b" layername="bolt_b" frame="3" z_index="3" m_a="0.391603" m_b="-0.356704" m_c="0.636409" m_d="0.698674" m_tx="-99.876503" m_ty="-387.193756"/>
  </frame>
  <frame idx="600" w="536" h="761" x="52.028046" y="-406.686218">
   <element name="glow" layername="glow" frame="0" z_index="7" m_a="1.131130" m_b="0.000000" m_c="0.000000" m_d="1.131130" m_tx="39.400002" m_ty="-306.748993"/>
   <element name="bolt_c" layername="bolt_c" frame="8" z_index="7" m_a="0.583100" m_b="0.057060" m_c="-0.141241" m_d="1.443346" m_tx="-46.812805" m_ty="-650.566711"/>
   <element name="bolt_f" layername="bolt_f" frame="8" z_index="6" m_a="0.090752" m_b="0.397903" m_c="-0.949199" m_d="0.216489" m_tx="231.691635" m_ty="-452.307373"/>
   <element name="bolt_c" layername="bolt_c" frame="8" z_index="2" m_a="-0.078969" m_b="0.994745" m_c="-0.638668" m_d="-0.050702" m_tx="112.541084" m_ty="-709.885193"/>
   <element name="bolt_f" layername="bolt_f" frame="8" z_index="3" m_a="-0.024151" m_b="-0.229353" m_c="0.703937" m_d="-0.074125" m_tx="-104.143639" m_ty="-303.250122"/>
   <element name="bolt_b" layername="bolt_b" frame="6" z_index="5" m_a="0.343032" m_b="-0.554684" m_c="0.788613" m_d="0.487700" m_tx="-111.451645" m_ty="-540.511841"/>
   <element name="bolt_b" layername="bolt_b" frame="3" z_index="4" m_a="0.391603" m_b="-0.356704" m_c="0.636409" m_d="0.698674" m_tx="-99.876503" m_ty="-397.042236"/>
  </frame>
  <frame idx="625" w="536" h="761" x="52.028046" y="-406.686218">
   <element name="glow" layername="glow" frame="0" z_index="7" m_a="1.131130" m_b="0.000000" m_c="0.000000" m_d="1.131130" m_tx="39.400002" m_ty="-306.748993"/>
   <element name="bolt_c" layername="bolt_c" frame="8" z_index="7" m_a="0.583100" m_b="0.057060" m_c="-0.141241" m_d="1.443346" m_tx="-46.812805" m_ty="-650.566711"/>
   <element name="bolt_f" layername="bolt_f" frame="8" z_index="6" m_a="0.090752" m_b="0.397903" m_c="-0.949199" m_d="0.216489" m_tx="231.691635" m_ty="-452.307373"/>
   <element name="bolt_c" layername="bolt_c" frame="8" z_index="2" m_a="-0.078969" m_b="0.994745" m_c="-0.638668" m_d="-0.050702" m_tx="112.541084" m_ty="-709.885193"/>
   <element name="bolt_f" layername="bolt_f" frame="8" z_index="3" m_a="-0.024151" m_b="-0.229353" m_c="0.703937" m_d="-0.074125" m_tx="-104.143639" m_ty="-303.250122"/>
   <element name="bolt_b" layername="bolt_b" frame="6" z_index="5" m_a="0.343032" m_b="-0.554684" m_c="0.788613" m_d="0.487700" m_tx="-111.969559" m_ty="-388.939087"/>
   <element name="bolt_b" layername="bolt_b" frame="3" z_index="4" m_a="0.391603" m_b="-0.356704" m_c="0.636409" m_d="0.698674" m_tx="-100.536995" m_ty="-390.063538"/>
  </frame>
  <frame idx="650" w="536" h="761" x="52.028046" y="-406.686218">
   <element name="glow" layername="glow" frame="0" z_index="7" m_a="1.131130" m_b="0.000000" m_c="0.000000" m_d="1.131130" m_tx="39.400002" m_ty="-306.748993"/>
   <element name="bolt_c" layername="bolt_c" frame="8" z_index="7" m_a="0.583100" m_b="0.057060" m_c="-0.141241" m_d="1.443346" m_tx="-46.812805" m_ty="-650.566711"/>
   <element name="bolt_f" layername="bolt_f" frame="8" z_index="6" m_a="0.090752" m_b="0.397903" m_c="-0.949199" m_d="0.216489" m_tx="231.691635" m_ty="-452.307373"/>
   <element name="bolt_c" layername="bolt_c" frame="8" z_index="2" m_a="-0.078969" m_b="0.994745" m_c="-0.638668" m_d="-0.050702" m_tx="112.541084" m_ty="-709.885193"/>
   <element name="bolt_f" layername="bolt_f" frame="8" z_index="3" m_a="-0.024151" m_b="-0.229353" m_c="0.703937" m_d="-0.074125" m_tx="-104.143639" m_ty="-303.250122"/>
   <element name="bolt_b" layername="bolt_b" frame="7" z_index="5" m_a="0.343032" m_b="-0.554684" m_c="0.788613" m_d="0.487700" m_tx="-109.706589" m_ty="-437.727539"/>
   <element name="bolt_b" layername="bolt_b" frame="4" z_index="4" m_a="0.391603" m_b="-0.356704" m_c="0.636409" m_d="0.698674" m_tx="-98.703659" m_ty="-394.598358"/>
  </frame>
  <frame idx="675" w="536" h="763" x="52.028046" y="-405.686218">
   <element name="glow" layername="glow" frame="0" z_index="7" m_a="1.131130" m_b="0.000000" m_c="0.000000" m_d="1.131130" m_tx="39.400002" m_ty="-304.809601"/>
   <element name="bolt_c" layername="bolt_c" frame="8" z_index="6" m_a="0.583100" m_b="0.057060" m_c="-0.141241" m_d="1.443346" m_tx="-46.812805" m_ty="-650.566711"/>
   <element name="bolt_f" layername="bolt_f" frame="8" z_index="5" m_a="0.090752" m_b="0.397903" m_c="-0.949199" m_d="0.216489" m_tx="231.691635" m_ty="-452.307373"/>
   <element name="bolt_c" layername="bolt_c" frame="8" z_index="1" m_a="-0.078969" m_b="0.994745" m_c="-0.638668" m_d="-0.050702" m_tx="112.541084" m_ty="-709.885193"/>
   <element name="bolt_f" layername="bolt_f" frame="8" z_index="2" m_a="-0.024151" m_b="-0.229353" m_c="0.703937" m_d="-0.074125" m_tx="-104.143639" m_ty="-303.250122"/>
   <element name="bolt_b" layername="bolt_b" frame="8" z_index="4" m_a="0.343032" m_b="-0.554684" m_c="0.788613" m_d="0.487700" m_tx="-109.339905" m_ty="-543.926514"/>
   <element name="bolt_b" layername="bolt_b" frame="4" z_index="3" m_a="0.391603" m_b="-0.356704" m_c="0.636409" m_d="0.698674" m_tx="-98.457314" m_ty="-407.128723"/>
  </frame>
 </anim>
</Anims>
