<Anims>
 <anim name="anim" root="armor_debroglie" numframes="1000" framerate="40">
  <frame idx="0" w="181" h="168" x="73.050003" y="67.699997">
   <element name="swap_body" layername="armor_debroglie" frame="9" z_index="1" m_a="1.000000" m_b="0.000000" m_c="0.000000" m_d="1.000000" m_tx="-0.450000" m_ty="-0.300000"/>
  </frame>
  <frame idx="25" w="181" h="168" x="73.050003" y="67.699997">
   <element name="swap_body" layername="armor_debroglie" frame="9" z_index="1" m_a="1.000000" m_b="0.000000" m_c="0.000000" m_d="1.000000" m_tx="-0.450000" m_ty="-0.300000"/>
  </frame>
  <frame idx="50" w="181" h="168" x="73.050003" y="67.699997">
   <element name="swap_body" layername="armor_debroglie" frame="9" z_index="1" m_a="1.000000" m_b="0.000000" m_c="0.000000" m_d="1.000000" m_tx="-0.450000" m_ty="-0.300000"/>
  </frame>
  <frame idx="75" w="181" h="168" x="73.050003" y="67.699997">
   <element name="swap_body" layername="armor_debroglie" frame="9" z_index="1" m_a="1.000000" m_b="0.000000" m_c="0.000000" m_d="1.000000" m_tx="-0.450000" m_ty="-0.300000"/>
  </frame>
  <frame idx="100" w="181" h="168" x="73.050003" y="67.699997">
   <element name="swap_body" layername="armor_debroglie" frame="9" z_index="1" m_a="1.000000" m_b="0.000000" m_c="0.000000" m_d="1.000000" m_tx="-0.450000" m_ty="-0.300000"/>
  </frame>
  <frame idx="125" w="181" h="168" x="73.050003" y="67.699997">
   <element name="swap_body" layername="armor_debroglie" frame="9" z_index="1" m_a="1.000000" m_b="0.000000" m_c="0.000000" m_d="1.000000" m_tx="-0.450000" m_ty="-0.300000"/>
  </frame>
  <frame idx="150" w="181" h="168" x="73.050003" y="67.699997">
   <element name="swap_body" layername="armor_debroglie" frame="9" z_index="1" m_a="1.000000" m_b="0.000000" m_c="0.000000" m_d="1.000000" m_tx="-0.450000" m_ty="-0.300000"/>
  </frame>
  <frame idx="175" w="181" h="168" x="73.050003" y="67.699997">
   <element name="swap_body" layername="armor_debroglie" frame="9" z_index="1" m_a="1.000000" m_b="0.000000" m_c="0.000000" m_d="1.000000" m_tx="-0.450000" m_ty="-0.300000"/>
  </frame>
  <frame idx="200" w="181" h="168" x="73.050003" y="67.699997">
   <element name="swap_body" layername="armor_debroglie" frame="9" z_index="1" m_a="1.000000" m_b="0.000000" m_c="0.000000" m_d="1.000000" m_tx="-0.450000" m_ty="-0.300000"/>
  </frame>
  <frame idx="225" w="181" h="168" x="73.050003" y="67.699997">
   <element name="swap_body" layername="armor_debroglie" frame="9" z_index="1" m_a="1.000000" m_b="0.000000" m_c="0.000000" m_d="1.000000" m_tx="-0.450000" m_ty="-0.300000"/>
  </frame>
  <frame idx="250" w="181" h="168" x="73.050003" y="67.699997">
   <element name="swap_body" layername="armor_debroglie" frame="9" z_index="1" m_a="1.000000" m_b="0.000000" m_c="0.000000" m_d="1.000000" m_tx="-0.450000" m_ty="-0.300000"/>
  </frame>
  <frame idx="275" w="181" h="168" x="73.050003" y="67.699997">
   <element name="swap_body" layername="armor_debroglie" frame="9" z_index="1" m_a="1.000000" m_b="0.000000" m_c="0.000000" m_d="1.000000" m_tx="-0.450000" m_ty="-0.300000"/>
  </frame>
  <frame idx="300" w="181" h="168" x="73.050003" y="67.699997">
   <element name="swap_body" layername="armor_debroglie" frame="9" z_index="1" m_a="1.000000" m_b="0.000000" m_c="0.000000" m_d="1.000000" m_tx="-0.450000" m_ty="-0.300000"/>
  </frame>
  <frame idx="325" w="181" h="168" x="73.050003" y="67.699997">
   <element name="swap_body" layername="armor_debroglie" frame="9" z_index="1" m_a="1.000000" m_b="0.000000" m_c="0.000000" m_d="1.000000" m_tx="-0.450000" m_ty="-0.300000"/>
  </frame>
  <frame idx="350" w="181" h="168" x="73.050003" y="67.699997">
   <element name="swap_body" layername="armor_debroglie" frame="9" z_index="1" m_a="1.000000" m_b="0.000000" m_c="0.000000" m_d="1.000000" m_tx="-0.450000" m_ty="-0.300000"/>
  </frame>
  <frame idx="375" w="181" h="168" x="73.050003" y="67.699997">
   <element name="swap_body" layername="armor_debroglie" frame="9" z_index="1" m_a="1.000000" m_b="0.000000" m_c="0.000000" m_d="1.000000" m_tx="-0.450000" m_ty="-0.300000"/>
  </frame>
  <frame idx="400" w="181" h="168" x="73.050003" y="67.699997">
   <element name="swap_body" layername="armor_debroglie" frame="9" z_index="1" m_a="1.000000" m_b="0.000000" m_c="0.000000" m_d="1.000000" m_tx="-0.450000" m_ty="-0.300000"/>
  </frame>
  <frame idx="425" w="181" h="168" x="73.050003" y="67.699997">
   <element name="swap_body" layername="armor_debroglie" frame="9" z_index="1" m_a="1.000000" m_b="0.000000" m_c="0.000000" m_d="1.000000" m_tx="-0.450000" m_ty="-0.300000"/>
  </frame>
  <frame idx="450" w="181" h="168" x="73.050003" y="67.699997">
   <element name="swap_body" layername="armor_debroglie" frame="9" z_index="1" m_a="1.000000" m_b="0.000000" m_c="0.000000" m_d="1.000000" m_tx="-0.450000" m_ty="-0.300000"/>
  </frame>
  <frame idx="475" w="181" h="168" x="73.050003" y="67.699997">
   <element name="swap_body" layername="armor_debroglie" frame="9" z_index="1" m_a="1.000000" m_b="0.000000" m_c="0.000000" m_d="1.000000" m_tx="-0.450000" m_ty="-0.300000"/>
  </frame>
  <frame idx="500" w="181" h="168" x="73.050003" y="67.699997">
   <element name="swap_body" layername="armor_debroglie" frame="9" z_index="1" m_a="1.000000" m_b="0.000000" m_c="0.000000" m_d="1.000000" m_tx="-0.450000" m_ty="-0.300000"/>
  </frame>
  <frame idx="525" w="181" h="168" x="73.050003" y="67.699997">
   <element name="swap_body" layername="armor_debroglie" frame="9" z_index="1" m_a="1.000000" m_b="0.000000" m_c="0.000000" m_d="1.000000" m_tx="-0.450000" m_ty="-0.300000"/>
  </frame>
  <frame idx="550" w="181" h="168" x="73.050003" y="67.699997">
   <element name="swap_body" layername="armor_debroglie" frame="9" z_index="1" m_a="1.000000" m_b="0.000000" m_c="0.000000" m_d="1.000000" m_tx="-0.450000" m_ty="-0.300000"/>
  </frame>
  <frame idx="575" w="181" h="168" x="73.050003" y="67.699997">
   <element name="swap_body" layername="armor_debroglie" frame="9" z_index="1" m_a="1.000000" m_b="0.000000" m_c="0.000000" m_d="1.000000" m_tx="-0.450000" m_ty="-0.300000"/>
  </frame>
  <frame idx="600" w="181" h="168" x="73.050003" y="67.699997">
   <element name="swap_body" layername="armor_debroglie" frame="9" z_index="1" m_a="1.000000" m_b="0.000000" m_c="0.000000" m_d="1.000000" m_tx="-0.450000" m_ty="-0.300000"/>
  </frame>
  <frame idx="625" w="181" h="168" x="73.050003" y="67.699997">
   <element name="swap_body" layername="armor_debroglie" frame="9" z_index="1" m_a="1.000000" m_b="0.000000" m_c="0.000000" m_d="1.000000" m_tx="-0.450000" m_ty="-0.300000"/>
  </frame>
  <frame idx="650" w="181" h="168" x="73.050003" y="67.699997">
   <element name="swap_body" layername="armor_debroglie" frame="9" z_index="1" m_a="1.000000" m_b="0.000000" m_c="0.000000" m_d="1.000000" m_tx="-0.450000" m_ty="-0.300000"/>
  </frame>
  <frame idx="675" w="181" h="168" x="73.050003" y="67.699997">
   <element name="swap_body" layername="armor_debroglie" frame="9" z_index="1" m_a="1.000000" m_b="0.000000" m_c="0.000000" m_d="1.000000" m_tx="-0.450000" m_ty="-0.300000"/>
  </frame>
  <frame idx="700" w="181" h="168" x="73.050003" y="67.699997">
   <element name="swap_body" layername="armor_debroglie" frame="9" z_index="1" m_a="1.000000" m_b="0.000000" m_c="0.000000" m_d="1.000000" m_tx="-0.450000" m_ty="-0.300000"/>
  </frame>
  <frame idx="725" w="181" h="168" x="73.050003" y="67.699997">
   <element name="swap_body" layername="armor_debroglie" frame="9" z_index="1" m_a="1.000000" m_b="0.000000" m_c="0.000000" m_d="1.000000" m_tx="-0.450000" m_ty="-0.300000"/>
  </frame>
  <frame idx="750" w="181" h="168" x="73.050003" y="67.699997">
   <element name="swap_body" layername="armor_debroglie" frame="9" z_index="1" m_a="1.000000" m_b="0.000000" m_c="0.000000" m_d="1.000000" m_tx="-0.450000" m_ty="-0.300000"/>
  </frame>
  <frame idx="775" w="181" h="168" x="73.050003" y="67.699997">
   <element name="swap_body" layername="armor_debroglie" frame="9" z_index="1" m_a="1.000000" m_b="0.000000" m_c="0.000000" m_d="1.000000" m_tx="-0.450000" m_ty="-0.300000"/>
  </frame>
  <frame idx="800" w="181" h="168" x="73.050003" y="67.699997">
   <element name="swap_body" layername="armor_debroglie" frame="9" z_index="1" m_a="1.000000" m_b="0.000000" m_c="0.000000" m_d="1.000000" m_tx="-0.450000" m_ty="-0.300000"/>
  </frame>
  <frame idx="825" w="181" h="168" x="73.050003" y="67.699997">
   <element name="swap_body" layername="armor_debroglie" frame="9" z_index="1" m_a="1.000000" m_b="0.000000" m_c="0.000000" m_d="1.000000" m_tx="-0.450000" m_ty="-0.300000"/>
  </frame>
  <frame idx="850" w="181" h="168" x="73.050003" y="67.699997">
   <element name="swap_body" layername="armor_debroglie" frame="9" z_index="1" m_a="1.000000" m_b="0.000000" m_c="0.000000" m_d="1.000000" m_tx="-0.450000" m_ty="-0.300000"/>
  </frame>
  <frame idx="875" w="181" h="168" x="73.050003" y="67.699997">
   <element name="swap_body" layername="armor_debroglie" frame="9" z_index="1" m_a="1.000000" m_b="0.000000" m_c="0.000000" m_d="1.000000" m_tx="-0.450000" m_ty="-0.300000"/>
  </frame>
  <frame idx="900" w="181" h="168" x="73.050003" y="67.699997">
   <element name="swap_body" layername="armor_debroglie" frame="9" z_index="1" m_a="1.000000" m_b="0.000000" m_c="0.000000" m_d="1.000000" m_tx="-0.450000" m_ty="-0.300000"/>
  </frame>
  <frame idx="925" w="181" h="168" x="73.050003" y="67.699997">
   <element name="swap_body" layername="armor_debroglie" frame="9" z_index="1" m_a="1.000000" m_b="0.000000" m_c="0.000000" m_d="1.000000" m_tx="-0.450000" m_ty="-0.300000"/>
  </frame>
  <frame idx="950" w="181" h="168" x="73.050003" y="67.699997">
   <element name="swap_body" layername="armor_debroglie" frame="9" z_index="1" m_a="1.000000" m_b="0.000000" m_c="0.000000" m_d="1.000000" m_tx="-0.450000" m_ty="-0.300000"/>
  </frame>
  <frame idx="975" w="181" h="168" x="73.050003" y="67.699997">
   <element name="swap_body" layername="armor_debroglie" frame="9" z_index="1" m_a="1.000000" m_b="0.000000" m_c="0.000000" m_d="1.000000" m_tx="-0.450000" m_ty="-0.300000"/>
  </frame>
 </anim>
</Anims>
